"New Analysis Project","=HYPERLINK(""https://solarwinds.une.com.co/ui/perfstack/?charts=0_Orion.Nodes_12852-Orion.CPULoad.MinLoad,0_Orion.Nodes_12852-Orion.CPULoad.MaxLoad,0_Orion.Nodes_12852-Orion.CPULoad.AvgLoad;&startTime=2021-12-15T09:24:00.000Z&endTime=2022-02-15T21:24:00.000Z"")"
Start,2021-12-15 04:24:00,End,2022-02-15 16:24:00

"Custom Chart"
Entity,Metric,Date/Time,Value,,Entity,Metric,Date/Time,Value,,Entity,Metric,Date/Time,Value,
"RNEC-RMS-00","Minimum CPU Load (%)",2021-12-16 05:24:00,0,,"RNEC-RMS-00","Peak CPU Load (%)",2021-12-16 05:24:00,88,,"RNEC-RMS-00","Average CPU Load (%)",2021-12-16 05:24:00,6,,
"RNEC-RMS-00","Minimum CPU Load (%)",2021-12-17 00:09:00,0,,"RNEC-RMS-00","Peak CPU Load (%)",2021-12-17 00:09:00,73,,"RNEC-RMS-00","Average CPU Load (%)",2021-12-17 00:09:00,5,,
"RNEC-RMS-00","Minimum CPU Load (%)",2021-12-18 01:09:00,0,,"RNEC-RMS-00","Peak CPU Load (%)",2021-12-18 01:09:00,79,,"RNEC-RMS-00","Average CPU Load (%)",2021-12-18 01:09:00,7,,
"RNEC-RMS-00","Minimum CPU Load (%)",2021-12-19 02:09:00,0,,"RNEC-RMS-00","Peak CPU Load (%)",2021-12-19 02:09:00,61,,"RNEC-RMS-00","Average CPU Load (%)",2021-12-19 02:09:00,5,,
"RNEC-RMS-00","Minimum CPU Load (%)",2021-12-20 03:09:00,0,,"RNEC-RMS-00","Peak CPU Load (%)",2021-12-20 03:09:00,67,,"RNEC-RMS-00","Average CPU Load (%)",2021-12-20 03:09:00,6,,
"RNEC-RMS-00","Minimum CPU Load (%)",2021-12-21 04:09:00,0,,"RNEC-RMS-00","Peak CPU Load (%)",2021-12-21 04:09:00,85,,"RNEC-RMS-00","Average CPU Load (%)",2021-12-21 04:09:00,15,,
"RNEC-RMS-00","Minimum CPU Load (%)",2021-12-22 05:09:00,0,,"RNEC-RMS-00","Peak CPU Load (%)",2021-12-22 05:09:00,70,,"RNEC-RMS-00","Average CPU Load (%)",2021-12-22 05:09:00,5,,
"RNEC-RMS-00","Minimum CPU Load (%)",2021-12-23 06:09:00,0,,"RNEC-RMS-00","Peak CPU Load (%)",2021-12-23 06:09:00,52,,"RNEC-RMS-00","Average CPU Load (%)",2021-12-23 06:09:00,5,,
"RNEC-RMS-00","Minimum CPU Load (%)",2021-12-24 00:54:00,0,,"RNEC-RMS-00","Peak CPU Load (%)",2021-12-24 00:54:00,76,,"RNEC-RMS-00","Average CPU Load (%)",2021-12-24 00:54:00,3,,
"RNEC-RMS-00","Minimum CPU Load (%)",2021-12-25 01:54:00,0,,"RNEC-RMS-00","Peak CPU Load (%)",2021-12-25 01:54:00,41,,"RNEC-RMS-00","Average CPU Load (%)",2021-12-25 01:54:00,3,,
"RNEC-RMS-00","Minimum CPU Load (%)",2021-12-26 02:54:00,0,,"RNEC-RMS-00","Peak CPU Load (%)",2021-12-26 02:54:00,100,,"RNEC-RMS-00","Average CPU Load (%)",2021-12-26 02:54:00,5,,
"RNEC-RMS-00","Minimum CPU Load (%)",2021-12-27 03:54:00,0,,"RNEC-RMS-00","Peak CPU Load (%)",2021-12-27 03:54:00,52,,"RNEC-RMS-00","Average CPU Load (%)",2021-12-27 03:54:00,4,,
"RNEC-RMS-00","Minimum CPU Load (%)",2021-12-28 04:54:00,0,,"RNEC-RMS-00","Peak CPU Load (%)",2021-12-28 04:54:00,85,,"RNEC-RMS-00","Average CPU Load (%)",2021-12-28 04:54:00,6,,
"RNEC-RMS-00","Minimum CPU Load (%)",2021-12-29 05:54:00,0,,"RNEC-RMS-00","Peak CPU Load (%)",2021-12-29 05:54:00,82,,"RNEC-RMS-00","Average CPU Load (%)",2021-12-29 05:54:00,7,,
"RNEC-RMS-00","Minimum CPU Load (%)",2021-12-30 00:39:00,0,,"RNEC-RMS-00","Peak CPU Load (%)",2021-12-30 00:39:00,100,,"RNEC-RMS-00","Average CPU Load (%)",2021-12-30 00:39:00,9,,
"RNEC-RMS-00","Minimum CPU Load (%)",2021-12-31 01:39:00,0,,"RNEC-RMS-00","Peak CPU Load (%)",2021-12-31 01:39:00,91,,"RNEC-RMS-00","Average CPU Load (%)",2021-12-31 01:39:00,7,,
"RNEC-RMS-00","Minimum CPU Load (%)",2022-01-01 02:39:00,0,,"RNEC-RMS-00","Peak CPU Load (%)",2022-01-01 02:39:00,84,,"RNEC-RMS-00","Average CPU Load (%)",2022-01-01 02:39:00,5,,
"RNEC-RMS-00","Minimum CPU Load (%)",2022-01-02 03:39:00,0,,"RNEC-RMS-00","Peak CPU Load (%)",2022-01-02 03:39:00,100,,"RNEC-RMS-00","Average CPU Load (%)",2022-01-02 03:39:00,6,,
"RNEC-RMS-00","Minimum CPU Load (%)",2022-01-03 04:39:00,0,,"RNEC-RMS-00","Peak CPU Load (%)",2022-01-03 04:39:00,88,,"RNEC-RMS-00","Average CPU Load (%)",2022-01-03 04:39:00,7,,
"RNEC-RMS-00","Minimum CPU Load (%)",2022-01-04 05:39:00,0,,"RNEC-RMS-00","Peak CPU Load (%)",2022-01-04 05:39:00,73,,"RNEC-RMS-00","Average CPU Load (%)",2022-01-04 05:39:00,7,,
"RNEC-RMS-00","Minimum CPU Load (%)",2022-01-05 00:24:00,0,,"RNEC-RMS-00","Peak CPU Load (%)",2022-01-05 00:24:00,55,,"RNEC-RMS-00","Average CPU Load (%)",2022-01-05 00:24:00,4,,
"RNEC-RMS-00","Minimum CPU Load (%)",2022-01-06 01:24:00,0,,"RNEC-RMS-00","Peak CPU Load (%)",2022-01-06 01:24:00,79,,"RNEC-RMS-00","Average CPU Load (%)",2022-01-06 01:24:00,4,,
"RNEC-RMS-00","Minimum CPU Load (%)",2022-01-07 02:24:00,0,,"RNEC-RMS-00","Peak CPU Load (%)",2022-01-07 02:24:00,88,,"RNEC-RMS-00","Average CPU Load (%)",2022-01-07 02:24:00,6,,
"RNEC-RMS-00","Minimum CPU Load (%)",2022-01-08 03:24:00,0,,"RNEC-RMS-00","Peak CPU Load (%)",2022-01-08 03:24:00,76,,"RNEC-RMS-00","Average CPU Load (%)",2022-01-08 03:24:00,5,,
"RNEC-RMS-00","Minimum CPU Load (%)",2022-01-09 04:24:00,0,,"RNEC-RMS-00","Peak CPU Load (%)",2022-01-09 04:24:00,52,,"RNEC-RMS-00","Average CPU Load (%)",2022-01-09 04:24:00,4,,
"RNEC-RMS-00","Minimum CPU Load (%)",2022-01-10 05:24:00,0,,"RNEC-RMS-00","Peak CPU Load (%)",2022-01-10 05:24:00,70,,"RNEC-RMS-00","Average CPU Load (%)",2022-01-10 05:24:00,5,,
"RNEC-RMS-00","Minimum CPU Load (%)",2022-01-11 00:09:00,0,,"RNEC-RMS-00","Peak CPU Load (%)",2022-01-11 00:09:00,67,,"RNEC-RMS-00","Average CPU Load (%)",2022-01-11 00:09:00,5,,
"RNEC-RMS-00","Minimum CPU Load (%)",2022-01-12 01:09:00,0,,"RNEC-RMS-00","Peak CPU Load (%)",2022-01-12 01:09:00,64,,"RNEC-RMS-00","Average CPU Load (%)",2022-01-12 01:09:00,5,,
"RNEC-RMS-00","Minimum CPU Load (%)",2022-01-13 02:09:00,0,,"RNEC-RMS-00","Peak CPU Load (%)",2022-01-13 02:09:00,91,,"RNEC-RMS-00","Average CPU Load (%)",2022-01-13 02:09:00,7,,
"RNEC-RMS-00","Minimum CPU Load (%)",2022-01-14 03:09:00,0,,"RNEC-RMS-00","Peak CPU Load (%)",2022-01-14 03:09:00,85,,"RNEC-RMS-00","Average CPU Load (%)",2022-01-14 03:09:00,5,,
"RNEC-RMS-00","Minimum CPU Load (%)",2022-01-15 04:09:00,0,,"RNEC-RMS-00","Peak CPU Load (%)",2022-01-15 04:09:00,88,,"RNEC-RMS-00","Average CPU Load (%)",2022-01-15 04:09:00,20,,
"RNEC-RMS-00","Minimum CPU Load (%)",2022-01-16 05:09:00,0,,"RNEC-RMS-00","Peak CPU Load (%)",2022-01-16 05:09:00,70,,"RNEC-RMS-00","Average CPU Load (%)",2022-01-16 05:09:00,4,,
"RNEC-RMS-00","Minimum CPU Load (%)",2022-01-17 06:09:00,0,,"RNEC-RMS-00","Peak CPU Load (%)",2022-01-17 06:09:00,67,,"RNEC-RMS-00","Average CPU Load (%)",2022-01-17 06:09:00,3,,
"RNEC-RMS-00","Minimum CPU Load (%)",2022-01-18 00:54:00,0,,"RNEC-RMS-00","Peak CPU Load (%)",2022-01-18 00:54:00,11,,"RNEC-RMS-00","Average CPU Load (%)",2022-01-18 00:54:00,2,,
"RNEC-RMS-00","Minimum CPU Load (%)",2022-01-18 07:09:00,0,,"RNEC-RMS-00","Peak CPU Load (%)",2022-01-18 07:09:00,26,,"RNEC-RMS-00","Average CPU Load (%)",2022-01-18 07:09:00,3,,
"RNEC-RMS-00","Minimum CPU Load (%)",2022-01-18 13:24:00,0,,"RNEC-RMS-00","Peak CPU Load (%)",2022-01-18 13:24:00,20,,"RNEC-RMS-00","Average CPU Load (%)",2022-01-18 13:24:00,3.6666666666666665,,
"RNEC-RMS-00","Minimum CPU Load (%)",2022-01-18 19:39:00,0,,"RNEC-RMS-00","Peak CPU Load (%)",2022-01-18 19:39:00,35,,"RNEC-RMS-00","Average CPU Load (%)",2022-01-18 19:39:00,5.833333333333333,,
"RNEC-RMS-00","Minimum CPU Load (%)",2022-01-19 01:54:00,0,,"RNEC-RMS-00","Peak CPU Load (%)",2022-01-19 01:54:00,38,,"RNEC-RMS-00","Average CPU Load (%)",2022-01-19 01:54:00,4.333333333333333,,
"RNEC-RMS-00","Minimum CPU Load (%)",2022-01-19 08:09:00,0,,"RNEC-RMS-00","Peak CPU Load (%)",2022-01-19 08:09:00,61,,"RNEC-RMS-00","Average CPU Load (%)",2022-01-19 08:09:00,6.142857142857143,,
"RNEC-RMS-00","Minimum CPU Load (%)",2022-01-19 14:24:00,0,,"RNEC-RMS-00","Peak CPU Load (%)",2022-01-19 14:24:00,64,,"RNEC-RMS-00","Average CPU Load (%)",2022-01-19 14:24:00,8.333333333333334,,
"RNEC-RMS-00","Minimum CPU Load (%)",2022-01-19 20:39:00,0,,"RNEC-RMS-00","Peak CPU Load (%)",2022-01-19 20:39:00,14,,"RNEC-RMS-00","Average CPU Load (%)",2022-01-19 20:39:00,3.5,,
"RNEC-RMS-00","Minimum CPU Load (%)",2022-01-20 02:54:00,0,,"RNEC-RMS-00","Peak CPU Load (%)",2022-01-20 02:54:00,70,,"RNEC-RMS-00","Average CPU Load (%)",2022-01-20 02:54:00,8.5,,
"RNEC-RMS-00","Minimum CPU Load (%)",2022-01-20 09:09:00,0,,"RNEC-RMS-00","Peak CPU Load (%)",2022-01-20 09:09:00,20,,"RNEC-RMS-00","Average CPU Load (%)",2022-01-20 09:09:00,2.5714285714285716,,
"RNEC-RMS-00","Minimum CPU Load (%)",2022-01-20 15:24:00,0,,"RNEC-RMS-00","Peak CPU Load (%)",2022-01-20 15:24:00,17,,"RNEC-RMS-00","Average CPU Load (%)",2022-01-20 15:24:00,4.833333333333333,,
"RNEC-RMS-00","Minimum CPU Load (%)",2022-01-20 21:39:00,0,,"RNEC-RMS-00","Peak CPU Load (%)",2022-01-20 21:39:00,17,,"RNEC-RMS-00","Average CPU Load (%)",2022-01-20 21:39:00,4.333333333333333,,
"RNEC-RMS-00","Minimum CPU Load (%)",2022-01-21 03:54:00,0,,"RNEC-RMS-00","Peak CPU Load (%)",2022-01-21 03:54:00,61,,"RNEC-RMS-00","Average CPU Load (%)",2022-01-21 03:54:00,6,,
"RNEC-RMS-00","Minimum CPU Load (%)",2022-01-21 10:09:00,0,,"RNEC-RMS-00","Peak CPU Load (%)",2022-01-21 10:09:00,64,,"RNEC-RMS-00","Average CPU Load (%)",2022-01-21 10:09:00,6.142857142857143,,
"RNEC-RMS-00","Minimum CPU Load (%)",2022-01-21 16:24:00,0,,"RNEC-RMS-00","Peak CPU Load (%)",2022-01-21 16:24:00,82,,"RNEC-RMS-00","Average CPU Load (%)",2022-01-21 16:24:00,10.333333333333334,,
"RNEC-RMS-00","Minimum CPU Load (%)",2022-01-21 22:39:00,0,,"RNEC-RMS-00","Peak CPU Load (%)",2022-01-21 22:39:00,64,,"RNEC-RMS-00","Average CPU Load (%)",2022-01-21 22:39:00,8.333333333333334,,
"RNEC-RMS-00","Minimum CPU Load (%)",2022-01-22 04:54:00,0,,"RNEC-RMS-00","Peak CPU Load (%)",2022-01-22 04:54:00,32,,"RNEC-RMS-00","Average CPU Load (%)",2022-01-22 04:54:00,4.333333333333333,,
"RNEC-RMS-00","Minimum CPU Load (%)",2022-01-22 11:09:00,0,,"RNEC-RMS-00","Peak CPU Load (%)",2022-01-22 11:09:00,73,,"RNEC-RMS-00","Average CPU Load (%)",2022-01-22 11:09:00,8.142857142857142,,
"RNEC-RMS-00","Minimum CPU Load (%)",2022-01-22 17:24:00,0,,"RNEC-RMS-00","Peak CPU Load (%)",2022-01-22 17:24:00,55,,"RNEC-RMS-00","Average CPU Load (%)",2022-01-22 17:24:00,6.166666666666667,,
"RNEC-RMS-00","Minimum CPU Load (%)",2022-01-22 23:39:00,0,,"RNEC-RMS-00","Peak CPU Load (%)",2022-01-22 23:39:00,76,,"RNEC-RMS-00","Average CPU Load (%)",2022-01-22 23:39:00,5.833333333333333,,
"RNEC-RMS-00","Minimum CPU Load (%)",2022-01-23 05:54:00,0,,"RNEC-RMS-00","Peak CPU Load (%)",2022-01-23 05:54:00,73,,"RNEC-RMS-00","Average CPU Load (%)",2022-01-23 05:54:00,5.333333333333333,,
"RNEC-RMS-00","Minimum CPU Load (%)",2022-01-23 12:09:00,0,,"RNEC-RMS-00","Peak CPU Load (%)",2022-01-23 12:09:00,23,,"RNEC-RMS-00","Average CPU Load (%)",2022-01-23 12:09:00,3.142857142857143,,
"RNEC-RMS-00","Minimum CPU Load (%)",2022-01-23 18:24:00,0,,"RNEC-RMS-00","Peak CPU Load (%)",2022-01-23 18:24:00,18,,"RNEC-RMS-00","Average CPU Load (%)",2022-01-23 18:24:00,3.5,,
"RNEC-RMS-00","Minimum CPU Load (%)",2022-01-24 00:39:00,0,,"RNEC-RMS-00","Peak CPU Load (%)",2022-01-24 00:39:00,43,,"RNEC-RMS-00","Average CPU Load (%)",2022-01-24 00:39:00,5.333333333333333,,
"RNEC-RMS-00","Minimum CPU Load (%)",2022-01-24 06:54:00,0,,"RNEC-RMS-00","Peak CPU Load (%)",2022-01-24 06:54:00,82,,"RNEC-RMS-00","Average CPU Load (%)",2022-01-24 06:54:00,6.333333333333333,,
"RNEC-RMS-00","Minimum CPU Load (%)",2022-01-24 13:09:00,0,,"RNEC-RMS-00","Peak CPU Load (%)",2022-01-24 13:09:00,80,,"RNEC-RMS-00","Average CPU Load (%)",2022-01-24 13:09:00,8.714285714285714,,
"RNEC-RMS-00","Minimum CPU Load (%)",2022-01-24 19:24:00,0,,"RNEC-RMS-00","Peak CPU Load (%)",2022-01-24 19:24:00,52,,"RNEC-RMS-00","Average CPU Load (%)",2022-01-24 19:24:00,4.333333333333333,,
"RNEC-RMS-00","Minimum CPU Load (%)",2022-01-25 01:39:00,0,,"RNEC-RMS-00","Peak CPU Load (%)",2022-01-25 01:39:00,52,,"RNEC-RMS-00","Average CPU Load (%)",2022-01-25 01:39:00,3.764705882352941,,
"RNEC-RMS-00","Minimum CPU Load (%)",2022-01-25 07:54:00,0,,"RNEC-RMS-00","Peak CPU Load (%)",2022-01-25 07:54:00,52,,"RNEC-RMS-00","Average CPU Load (%)",2022-01-25 07:54:00,7.333333333333333,,
"RNEC-RMS-00","Minimum CPU Load (%)",2022-01-25 14:09:00,0,,"RNEC-RMS-00","Peak CPU Load (%)",2022-01-25 14:09:00,94,,"RNEC-RMS-00","Average CPU Load (%)",2022-01-25 14:09:00,7.829268292682927,,
"RNEC-RMS-00","Minimum CPU Load (%)",2022-01-25 20:24:00,0,,"RNEC-RMS-00","Peak CPU Load (%)",2022-01-25 20:24:00,100,,"RNEC-RMS-00","Average CPU Load (%)",2022-01-25 20:24:00,7.166666666666667,,
"RNEC-RMS-00","Minimum CPU Load (%)",2022-01-26 02:39:00,0,,"RNEC-RMS-00","Peak CPU Load (%)",2022-01-26 02:39:00,91,,"RNEC-RMS-00","Average CPU Load (%)",2022-01-26 02:39:00,9.5,,
"RNEC-RMS-00","Minimum CPU Load (%)",2022-01-26 08:54:00,0,,"RNEC-RMS-00","Peak CPU Load (%)",2022-01-26 08:54:00,20,,"RNEC-RMS-00","Average CPU Load (%)",2022-01-26 08:54:00,5,,
"RNEC-RMS-00","Minimum CPU Load (%)",2022-01-26 15:09:00,0,,"RNEC-RMS-00","Peak CPU Load (%)",2022-01-26 15:09:00,70,,"RNEC-RMS-00","Average CPU Load (%)",2022-01-26 15:09:00,9,,
"RNEC-RMS-00","Minimum CPU Load (%)",2022-01-26 21:24:00,0,,"RNEC-RMS-00","Peak CPU Load (%)",2022-01-26 21:24:00,46,,"RNEC-RMS-00","Average CPU Load (%)",2022-01-26 21:24:00,12.833333333333334,,
"RNEC-RMS-00","Minimum CPU Load (%)",2022-01-27 03:39:00,0,,"RNEC-RMS-00","Peak CPU Load (%)",2022-01-27 03:39:00,64,,"RNEC-RMS-00","Average CPU Load (%)",2022-01-27 03:39:00,18,,
"RNEC-RMS-00","Minimum CPU Load (%)",2022-01-27 09:54:00,0,,"RNEC-RMS-00","Peak CPU Load (%)",2022-01-27 09:54:00,100,,"RNEC-RMS-00","Average CPU Load (%)",2022-01-27 09:54:00,16.833333333333332,,
"RNEC-RMS-00","Minimum CPU Load (%)",2022-01-27 16:09:00,0,,"RNEC-RMS-00","Peak CPU Load (%)",2022-01-27 16:09:00,100,,"RNEC-RMS-00","Average CPU Load (%)",2022-01-27 16:09:00,22.571428571428573,,
"RNEC-RMS-00","Minimum CPU Load (%)",2022-01-27 22:24:00,0,,"RNEC-RMS-00","Peak CPU Load (%)",2022-01-27 22:24:00,82,,"RNEC-RMS-00","Average CPU Load (%)",2022-01-27 22:24:00,12.333333333333334,,
"RNEC-RMS-00","Minimum CPU Load (%)",2022-01-28 04:39:00,0,,"RNEC-RMS-00","Peak CPU Load (%)",2022-01-28 04:39:00,41,,"RNEC-RMS-00","Average CPU Load (%)",2022-01-28 04:39:00,7,,
"RNEC-RMS-00","Minimum CPU Load (%)",2022-01-28 10:54:00,0,,"RNEC-RMS-00","Peak CPU Load (%)",2022-01-28 10:54:00,23,,"RNEC-RMS-00","Average CPU Load (%)",2022-01-28 10:54:00,3.8333333333333335,,
"RNEC-RMS-00","Minimum CPU Load (%)",2022-01-28 17:09:00,0,,"RNEC-RMS-00","Peak CPU Load (%)",2022-01-28 17:09:00,61,,"RNEC-RMS-00","Average CPU Load (%)",2022-01-28 17:09:00,5.428571428571429,,
"RNEC-RMS-00","Minimum CPU Load (%)",2022-01-28 23:24:00,0,,"RNEC-RMS-00","Peak CPU Load (%)",2022-01-28 23:24:00,26,,"RNEC-RMS-00","Average CPU Load (%)",2022-01-28 23:24:00,4.833333333333333,,
"RNEC-RMS-00","Minimum CPU Load (%)",2022-01-29 05:39:00,0,,"RNEC-RMS-00","Peak CPU Load (%)",2022-01-29 05:39:00,17,,"RNEC-RMS-00","Average CPU Load (%)",2022-01-29 05:39:00,4,,
"RNEC-RMS-00","Minimum CPU Load (%)",2022-01-29 11:54:00,0,,"RNEC-RMS-00","Peak CPU Load (%)",2022-01-29 11:54:00,16,,"RNEC-RMS-00","Average CPU Load (%)",2022-01-29 11:54:00,3,,
"RNEC-RMS-00","Minimum CPU Load (%)",2022-01-29 18:09:00,0,,"RNEC-RMS-00","Peak CPU Load (%)",2022-01-29 18:09:00,49,,"RNEC-RMS-00","Average CPU Load (%)",2022-01-29 18:09:00,4.714285714285714,,
"RNEC-RMS-00","Minimum CPU Load (%)",2022-01-30 00:24:00,0,,"RNEC-RMS-00","Peak CPU Load (%)",2022-01-30 00:24:00,43,,"RNEC-RMS-00","Average CPU Load (%)",2022-01-30 00:24:00,6.628571428571429,,
"RNEC-RMS-00","Minimum CPU Load (%)",2022-01-30 06:39:00,0,,"RNEC-RMS-00","Peak CPU Load (%)",2022-01-30 06:39:00,38,,"RNEC-RMS-00","Average CPU Load (%)",2022-01-30 06:39:00,4.5,,
"RNEC-RMS-00","Minimum CPU Load (%)",2022-01-30 12:54:00,0,,"RNEC-RMS-00","Peak CPU Load (%)",2022-01-30 12:54:00,64,,"RNEC-RMS-00","Average CPU Load (%)",2022-01-30 12:54:00,5.666666666666667,,
"RNEC-RMS-00","Minimum CPU Load (%)",2022-01-30 19:09:00,0,,"RNEC-RMS-00","Peak CPU Load (%)",2022-01-30 19:09:00,64,,"RNEC-RMS-00","Average CPU Load (%)",2022-01-30 19:09:00,6,,
"RNEC-RMS-00","Minimum CPU Load (%)",2022-01-31 01:24:00,0,,"RNEC-RMS-00","Peak CPU Load (%)",2022-01-31 01:24:00,79,,"RNEC-RMS-00","Average CPU Load (%)",2022-01-31 01:24:00,5.666666666666667,,
"RNEC-RMS-00","Minimum CPU Load (%)",2022-01-31 07:39:00,0,,"RNEC-RMS-00","Peak CPU Load (%)",2022-01-31 07:39:00,17,,"RNEC-RMS-00","Average CPU Load (%)",2022-01-31 07:39:00,4.5,,
"RNEC-RMS-00","Minimum CPU Load (%)",2022-01-31 13:54:00,0,,"RNEC-RMS-00","Peak CPU Load (%)",2022-01-31 13:54:00,37,,"RNEC-RMS-00","Average CPU Load (%)",2022-01-31 13:54:00,6.5,,
"RNEC-RMS-00","Minimum CPU Load (%)",2022-01-31 20:09:00,0,,"RNEC-RMS-00","Peak CPU Load (%)",2022-01-31 20:09:00,50,,"RNEC-RMS-00","Average CPU Load (%)",2022-01-31 20:09:00,4.428571428571429,,
"RNEC-RMS-00","Minimum CPU Load (%)",2022-02-01 02:24:00,0,,"RNEC-RMS-00","Peak CPU Load (%)",2022-02-01 02:24:00,26,,"RNEC-RMS-00","Average CPU Load (%)",2022-02-01 02:24:00,4.5,,
"RNEC-RMS-00","Minimum CPU Load (%)",2022-02-01 08:39:00,0,,"RNEC-RMS-00","Peak CPU Load (%)",2022-02-01 08:39:00,24,,"RNEC-RMS-00","Average CPU Load (%)",2022-02-01 08:39:00,3,,
"RNEC-RMS-00","Minimum CPU Load (%)",2022-02-01 14:54:00,0,,"RNEC-RMS-00","Peak CPU Load (%)",2022-02-01 14:54:00,23,,"RNEC-RMS-00","Average CPU Load (%)",2022-02-01 14:54:00,3.5,,
"RNEC-RMS-00","Minimum CPU Load (%)",2022-02-01 21:09:00,0,,"RNEC-RMS-00","Peak CPU Load (%)",2022-02-01 21:09:00,61,,"RNEC-RMS-00","Average CPU Load (%)",2022-02-01 21:09:00,4.571428571428571,,
"RNEC-RMS-00","Minimum CPU Load (%)",2022-02-02 03:24:00,0,,"RNEC-RMS-00","Peak CPU Load (%)",2022-02-02 03:24:00,55,,"RNEC-RMS-00","Average CPU Load (%)",2022-02-02 03:24:00,4.5,,
"RNEC-RMS-00","Minimum CPU Load (%)",2022-02-02 09:39:00,0,,"RNEC-RMS-00","Peak CPU Load (%)",2022-02-02 09:39:00,40,,"RNEC-RMS-00","Average CPU Load (%)",2022-02-02 09:39:00,6.5,,
"RNEC-RMS-00","Minimum CPU Load (%)",2022-02-02 15:54:00,0,,"RNEC-RMS-00","Peak CPU Load (%)",2022-02-02 15:54:00,23,,"RNEC-RMS-00","Average CPU Load (%)",2022-02-02 15:54:00,3.6666666666666665,,
"RNEC-RMS-00","Minimum CPU Load (%)",2022-02-02 22:09:00,0,,"RNEC-RMS-00","Peak CPU Load (%)",2022-02-02 22:09:00,61,,"RNEC-RMS-00","Average CPU Load (%)",2022-02-02 22:09:00,6,,
"RNEC-RMS-00","Minimum CPU Load (%)",2022-02-03 04:24:00,0,,"RNEC-RMS-00","Peak CPU Load (%)",2022-02-03 04:24:00,20,,"RNEC-RMS-00","Average CPU Load (%)",2022-02-03 04:24:00,4.333333333333333,,
"RNEC-RMS-00","Minimum CPU Load (%)",2022-02-03 10:39:00,0,,"RNEC-RMS-00","Peak CPU Load (%)",2022-02-03 10:39:00,18,,"RNEC-RMS-00","Average CPU Load (%)",2022-02-03 10:39:00,4.166666666666667,,
"RNEC-RMS-00","Minimum CPU Load (%)",2022-02-03 16:54:00,0,,"RNEC-RMS-00","Peak CPU Load (%)",2022-02-03 16:54:00,49,,"RNEC-RMS-00","Average CPU Load (%)",2022-02-03 16:54:00,5.333333333333333,,
"RNEC-RMS-00","Minimum CPU Load (%)",2022-02-03 23:09:00,0,,"RNEC-RMS-00","Peak CPU Load (%)",2022-02-03 23:09:00,52,,"RNEC-RMS-00","Average CPU Load (%)",2022-02-03 23:09:00,5,,
"RNEC-RMS-00","Minimum CPU Load (%)",2022-02-04 05:24:00,0,,"RNEC-RMS-00","Peak CPU Load (%)",2022-02-04 05:24:00,55,,"RNEC-RMS-00","Average CPU Load (%)",2022-02-04 05:24:00,7.666666666666667,,
"RNEC-RMS-00","Minimum CPU Load (%)",2022-02-04 11:39:00,0,,"RNEC-RMS-00","Peak CPU Load (%)",2022-02-04 11:39:00,17,,"RNEC-RMS-00","Average CPU Load (%)",2022-02-04 11:39:00,2.3333333333333335,,
"RNEC-RMS-00","Minimum CPU Load (%)",2022-02-04 17:54:00,0,,"RNEC-RMS-00","Peak CPU Load (%)",2022-02-04 17:54:00,17,,"RNEC-RMS-00","Average CPU Load (%)",2022-02-04 17:54:00,4.166666666666667,,
"RNEC-RMS-00","Minimum CPU Load (%)",2022-02-05 00:09:00,0,,"RNEC-RMS-00","Peak CPU Load (%)",2022-02-05 00:09:00,18,,"RNEC-RMS-00","Average CPU Load (%)",2022-02-05 00:09:00,4.285714285714286,,
"RNEC-RMS-00","Minimum CPU Load (%)",2022-02-05 06:24:00,0,,"RNEC-RMS-00","Peak CPU Load (%)",2022-02-05 06:24:00,17,,"RNEC-RMS-00","Average CPU Load (%)",2022-02-05 06:24:00,4,,
"RNEC-RMS-00","Minimum CPU Load (%)",2022-02-05 12:39:00,0,,"RNEC-RMS-00","Peak CPU Load (%)",2022-02-05 12:39:00,41,,"RNEC-RMS-00","Average CPU Load (%)",2022-02-05 12:39:00,5,,
"RNEC-RMS-00","Minimum CPU Load (%)",2022-02-05 18:54:00,0,,"RNEC-RMS-00","Peak CPU Load (%)",2022-02-05 18:54:00,64,,"RNEC-RMS-00","Average CPU Load (%)",2022-02-05 18:54:00,9.833333333333334,,
"RNEC-RMS-00","Minimum CPU Load (%)",2022-02-06 01:09:00,0,,"RNEC-RMS-00","Peak CPU Load (%)",2022-02-06 01:09:00,49,,"RNEC-RMS-00","Average CPU Load (%)",2022-02-06 01:09:00,8.285714285714286,,
"RNEC-RMS-00","Minimum CPU Load (%)",2022-02-06 07:24:00,0,,"RNEC-RMS-00","Peak CPU Load (%)",2022-02-06 07:24:00,61,,"RNEC-RMS-00","Average CPU Load (%)",2022-02-06 07:24:00,8.666666666666666,,
"RNEC-RMS-00","Minimum CPU Load (%)",2022-02-06 13:39:00,0,,"RNEC-RMS-00","Peak CPU Load (%)",2022-02-06 13:39:00,50,,"RNEC-RMS-00","Average CPU Load (%)",2022-02-06 13:39:00,4,,
"RNEC-RMS-00","Minimum CPU Load (%)",2022-02-06 19:54:00,0,,"RNEC-RMS-00","Peak CPU Load (%)",2022-02-06 19:54:00,35,,"RNEC-RMS-00","Average CPU Load (%)",2022-02-06 19:54:00,5.166666666666667,,
"RNEC-RMS-00","Minimum CPU Load (%)",2022-02-07 02:09:00,0,,"RNEC-RMS-00","Peak CPU Load (%)",2022-02-07 02:09:00,45,,"RNEC-RMS-00","Average CPU Load (%)",2022-02-07 02:09:00,5.857142857142857,,
"RNEC-RMS-00","Minimum CPU Load (%)",2022-02-07 08:24:00,0,,"RNEC-RMS-00","Peak CPU Load (%)",2022-02-07 08:24:00,55,,"RNEC-RMS-00","Average CPU Load (%)",2022-02-07 08:24:00,5.333333333333333,,
"RNEC-RMS-00","Minimum CPU Load (%)",2022-02-07 14:39:00,0,,"RNEC-RMS-00","Peak CPU Load (%)",2022-02-07 14:39:00,41,,"RNEC-RMS-00","Average CPU Load (%)",2022-02-07 14:39:00,4.333333333333333,,
"RNEC-RMS-00","Minimum CPU Load (%)",2022-02-07 20:54:00,0,,"RNEC-RMS-00","Peak CPU Load (%)",2022-02-07 20:54:00,19,,"RNEC-RMS-00","Average CPU Load (%)",2022-02-07 20:54:00,3,,
"RNEC-RMS-00","Minimum CPU Load (%)",2022-02-08 03:09:00,0,,"RNEC-RMS-00","Peak CPU Load (%)",2022-02-08 03:09:00,28,,"RNEC-RMS-00","Average CPU Load (%)",2022-02-08 03:09:00,3.142857142857143,,
"RNEC-RMS-00","Minimum CPU Load (%)",2022-02-08 09:24:00,0,,"RNEC-RMS-00","Peak CPU Load (%)",2022-02-08 09:24:00,79,,"RNEC-RMS-00","Average CPU Load (%)",2022-02-08 09:24:00,7.333333333333333,,
"RNEC-RMS-00","Minimum CPU Load (%)",2022-02-08 15:39:00,0,,"RNEC-RMS-00","Peak CPU Load (%)",2022-02-08 15:39:00,43,,"RNEC-RMS-00","Average CPU Load (%)",2022-02-08 15:39:00,6,,
"RNEC-RMS-00","Minimum CPU Load (%)",2022-02-08 21:54:00,0,,"RNEC-RMS-00","Peak CPU Load (%)",2022-02-08 21:54:00,28,,"RNEC-RMS-00","Average CPU Load (%)",2022-02-08 21:54:00,4.5,,
"RNEC-RMS-00","Minimum CPU Load (%)",2022-02-09 04:09:00,0,,"RNEC-RMS-00","Peak CPU Load (%)",2022-02-09 04:09:00,23,,"RNEC-RMS-00","Average CPU Load (%)",2022-02-09 04:09:00,4.714285714285714,,
"RNEC-RMS-00","Minimum CPU Load (%)",2022-02-09 10:24:00,0,,"RNEC-RMS-00","Peak CPU Load (%)",2022-02-09 10:24:00,14,,"RNEC-RMS-00","Average CPU Load (%)",2022-02-09 10:24:00,3.3333333333333335,,
"RNEC-RMS-00","Minimum CPU Load (%)",2022-02-09 16:39:00,0,,"RNEC-RMS-00","Peak CPU Load (%)",2022-02-09 16:39:00,20,,"RNEC-RMS-00","Average CPU Load (%)",2022-02-09 16:39:00,4.833333333333333,,
"RNEC-RMS-00","Minimum CPU Load (%)",2022-02-09 22:54:00,0,,"RNEC-RMS-00","Peak CPU Load (%)",2022-02-09 22:54:00,71,,"RNEC-RMS-00","Average CPU Load (%)",2022-02-09 22:54:00,7.5,,
"RNEC-RMS-00","Minimum CPU Load (%)",2022-02-10 05:09:00,0,,"RNEC-RMS-00","Peak CPU Load (%)",2022-02-10 05:09:00,14,,"RNEC-RMS-00","Average CPU Load (%)",2022-02-10 05:09:00,3.5675675675675675,,
"RNEC-RMS-00","Minimum CPU Load (%)",2022-02-10 11:24:00,0,,"RNEC-RMS-00","Peak CPU Load (%)",2022-02-10 11:24:00,15,,"RNEC-RMS-00","Average CPU Load (%)",2022-02-10 11:24:00,4.2631578947368425,,
"RNEC-RMS-00","Minimum CPU Load (%)",2022-02-10 17:39:00,0,,"RNEC-RMS-00","Peak CPU Load (%)",2022-02-10 17:39:00,41,,"RNEC-RMS-00","Average CPU Load (%)",2022-02-10 17:39:00,5.702702702702703,,
"RNEC-RMS-00","Minimum CPU Load (%)",2022-02-10 23:54:00,0,,"RNEC-RMS-00","Peak CPU Load (%)",2022-02-10 23:54:00,68,,"RNEC-RMS-00","Average CPU Load (%)",2022-02-10 23:54:00,6.921052631578948,,
"RNEC-RMS-00","Minimum CPU Load (%)",2022-02-11 06:09:00,0,,"RNEC-RMS-00","Peak CPU Load (%)",2022-02-11 06:09:00,79,,"RNEC-RMS-00","Average CPU Load (%)",2022-02-11 06:09:00,9.135135135135135,,
"RNEC-RMS-00","Minimum CPU Load (%)",2022-02-11 12:24:00,0,,"RNEC-RMS-00","Peak CPU Load (%)",2022-02-11 12:24:00,44,,"RNEC-RMS-00","Average CPU Load (%)",2022-02-11 12:24:00,6.842105263157895,,
"RNEC-RMS-00","Minimum CPU Load (%)",2022-02-11 18:39:00,0,,"RNEC-RMS-00","Peak CPU Load (%)",2022-02-11 18:39:00,46,,"RNEC-RMS-00","Average CPU Load (%)",2022-02-11 18:39:00,5.135135135135135,,
"RNEC-RMS-00","Minimum CPU Load (%)",2022-02-12 00:54:00,0,,"RNEC-RMS-00","Peak CPU Load (%)",2022-02-12 00:54:00,58,,"RNEC-RMS-00","Average CPU Load (%)",2022-02-12 00:54:00,6.605263157894737,,
"RNEC-RMS-00","Minimum CPU Load (%)",2022-02-12 07:09:00,0,,"RNEC-RMS-00","Peak CPU Load (%)",2022-02-12 07:09:00,59,,"RNEC-RMS-00","Average CPU Load (%)",2022-02-12 07:09:00,6.594594594594595,,
"RNEC-RMS-00","Minimum CPU Load (%)",2022-02-12 13:24:00,0,,"RNEC-RMS-00","Peak CPU Load (%)",2022-02-12 13:24:00,35,,"RNEC-RMS-00","Average CPU Load (%)",2022-02-12 13:24:00,7.631578947368421,,
"RNEC-RMS-00","Minimum CPU Load (%)",2022-02-12 19:39:00,0,,"RNEC-RMS-00","Peak CPU Load (%)",2022-02-12 19:39:00,100,,"RNEC-RMS-00","Average CPU Load (%)",2022-02-12 19:39:00,13.675675675675675,,
"RNEC-RMS-00","Minimum CPU Load (%)",2022-02-13 01:54:00,0,,"RNEC-RMS-00","Peak CPU Load (%)",2022-02-13 01:54:00,100,,"RNEC-RMS-00","Average CPU Load (%)",2022-02-13 01:54:00,29.263157894736842,,
"RNEC-RMS-00","Minimum CPU Load (%)",2022-02-13 08:09:00,0,,"RNEC-RMS-00","Peak CPU Load (%)",2022-02-13 08:09:00,71,,"RNEC-RMS-00","Average CPU Load (%)",2022-02-13 08:09:00,28.27027027027027,,
"RNEC-RMS-00","Minimum CPU Load (%)",2022-02-13 14:24:00,0,,"RNEC-RMS-00","Peak CPU Load (%)",2022-02-13 14:24:00,84,,"RNEC-RMS-00","Average CPU Load (%)",2022-02-13 14:24:00,37.973684210526315,,
"RNEC-RMS-00","Minimum CPU Load (%)",2022-02-13 20:39:00,0,,"RNEC-RMS-00","Peak CPU Load (%)",2022-02-13 20:39:00,94,,"RNEC-RMS-00","Average CPU Load (%)",2022-02-13 20:39:00,42.67567567567568,,
"RNEC-RMS-00","Minimum CPU Load (%)",2022-02-14 02:54:00,3,,"RNEC-RMS-00","Peak CPU Load (%)",2022-02-14 02:54:00,100,,"RNEC-RMS-00","Average CPU Load (%)",2022-02-14 02:54:00,44.78947368421053,,
"RNEC-RMS-00","Minimum CPU Load (%)",2022-02-14 09:09:00,2,,"RNEC-RMS-00","Peak CPU Load (%)",2022-02-14 09:09:00,94,,"RNEC-RMS-00","Average CPU Load (%)",2022-02-14 09:09:00,47.648648648648646,,
"RNEC-RMS-00","Minimum CPU Load (%)",2022-02-14 15:24:00,0,,"RNEC-RMS-00","Peak CPU Load (%)",2022-02-14 15:24:00,84,,"RNEC-RMS-00","Average CPU Load (%)",2022-02-14 15:24:00,34.10526315789474,,
"RNEC-RMS-00","Minimum CPU Load (%)",2022-02-14 21:39:00,0,,"RNEC-RMS-00","Peak CPU Load (%)",2022-02-14 21:39:00,100,,"RNEC-RMS-00","Average CPU Load (%)",2022-02-14 21:39:00,29.18918918918919,,
"RNEC-RMS-00","Minimum CPU Load (%)",2022-02-15 03:54:00,0,,"RNEC-RMS-00","Peak CPU Load (%)",2022-02-15 03:54:00,68,,"RNEC-RMS-00","Average CPU Load (%)",2022-02-15 03:54:00,19.86842105263158,,
"RNEC-RMS-00","Minimum CPU Load (%)",2022-02-15 10:09:00,0,,"RNEC-RMS-00","Peak CPU Load (%)",2022-02-15 10:09:00,59,,"RNEC-RMS-00","Average CPU Load (%)",2022-02-15 10:09:00,20.10810810810811,,
"RNEC-RMS-00","Minimum CPU Load (%)",2022-02-15 16:24:00,0,,"RNEC-RMS-00","Peak CPU Load (%)",2022-02-15 16:24:00,65,,"RNEC-RMS-00","Average CPU Load (%)",2022-02-15 16:24:00,23.710526315789473,,

