"New Analysis Project","=HYPERLINK(""https://solarwinds.une.com.co/ui/perfstack/?charts=0_Orion.Nodes_12794-Orion.CPULoad.MinLoad,0_Orion.Nodes_12794-Orion.CPULoad.MaxLoad,0_Orion.Nodes_12794-Orion.CPULoad.AvgLoad;&startTime=2021-12-15T09:30:00.000Z&endTime=2022-02-15T21:30:00.000Z"")"
Start,2021-12-15 04:30:00,End,2022-02-15 16:30:00

"Custom Chart"
Entity,Metric,Date/Time,Value,,Entity,Metric,Date/Time,Value,,Entity,Metric,Date/Time,Value,
"RNEC-HUBCAS-01","Minimum CPU Load (%)",2021-12-16 05:30:00,0,,"RNEC-HUBCAS-01","Peak CPU Load (%)",2021-12-16 05:30:00,29,,"RNEC-HUBCAS-01","Average CPU Load (%)",2021-12-16 05:30:00,3,,
"RNEC-HUBCAS-01","Minimum CPU Load (%)",2021-12-17 00:15:00,0,,"RNEC-HUBCAS-01","Peak CPU Load (%)",2021-12-17 00:15:00,15,,"RNEC-HUBCAS-01","Average CPU Load (%)",2021-12-17 00:15:00,3,,
"RNEC-HUBCAS-01","Minimum CPU Load (%)",2021-12-18 01:15:00,0,,"RNEC-HUBCAS-01","Peak CPU Load (%)",2021-12-18 01:15:00,16,,"RNEC-HUBCAS-01","Average CPU Load (%)",2021-12-18 01:15:00,2,,
"RNEC-HUBCAS-01","Minimum CPU Load (%)",2021-12-19 02:15:00,0,,"RNEC-HUBCAS-01","Peak CPU Load (%)",2021-12-19 02:15:00,15,,"RNEC-HUBCAS-01","Average CPU Load (%)",2021-12-19 02:15:00,2,,
"RNEC-HUBCAS-01","Minimum CPU Load (%)",2021-12-20 03:15:00,0,,"RNEC-HUBCAS-01","Peak CPU Load (%)",2021-12-20 03:15:00,17,,"RNEC-HUBCAS-01","Average CPU Load (%)",2021-12-20 03:15:00,2,,
"RNEC-HUBCAS-01","Minimum CPU Load (%)",2021-12-21 04:15:00,0,,"RNEC-HUBCAS-01","Peak CPU Load (%)",2021-12-21 04:15:00,22,,"RNEC-HUBCAS-01","Average CPU Load (%)",2021-12-21 04:15:00,3,,
"RNEC-HUBCAS-01","Minimum CPU Load (%)",2021-12-22 05:15:00,0,,"RNEC-HUBCAS-01","Peak CPU Load (%)",2021-12-22 05:15:00,17,,"RNEC-HUBCAS-01","Average CPU Load (%)",2021-12-22 05:15:00,2,,
"RNEC-HUBCAS-01","Minimum CPU Load (%)",2021-12-23 00:00:00,0,,"RNEC-HUBCAS-01","Peak CPU Load (%)",2021-12-23 00:00:00,10,,"RNEC-HUBCAS-01","Average CPU Load (%)",2021-12-23 00:00:00,1,,
"RNEC-HUBCAS-01","Minimum CPU Load (%)",2021-12-24 01:00:00,0,,"RNEC-HUBCAS-01","Peak CPU Load (%)",2021-12-24 01:00:00,13,,"RNEC-HUBCAS-01","Average CPU Load (%)",2021-12-24 01:00:00,2,,
"RNEC-HUBCAS-01","Minimum CPU Load (%)",2021-12-25 02:00:00,0,,"RNEC-HUBCAS-01","Peak CPU Load (%)",2021-12-25 02:00:00,12,,"RNEC-HUBCAS-01","Average CPU Load (%)",2021-12-25 02:00:00,1,,
"RNEC-HUBCAS-01","Minimum CPU Load (%)",2021-12-26 03:00:00,0,,"RNEC-HUBCAS-01","Peak CPU Load (%)",2021-12-26 03:00:00,8,,"RNEC-HUBCAS-01","Average CPU Load (%)",2021-12-26 03:00:00,1,,
"RNEC-HUBCAS-01","Minimum CPU Load (%)",2021-12-27 04:00:00,0,,"RNEC-HUBCAS-01","Peak CPU Load (%)",2021-12-27 04:00:00,15,,"RNEC-HUBCAS-01","Average CPU Load (%)",2021-12-27 04:00:00,2,,
"RNEC-HUBCAS-01","Minimum CPU Load (%)",2021-12-28 05:00:00,0,,"RNEC-HUBCAS-01","Peak CPU Load (%)",2021-12-28 05:00:00,18,,"RNEC-HUBCAS-01","Average CPU Load (%)",2021-12-28 05:00:00,2,,
"RNEC-HUBCAS-01","Minimum CPU Load (%)",2021-12-29 06:00:00,0,,"RNEC-HUBCAS-01","Peak CPU Load (%)",2021-12-29 06:00:00,19,,"RNEC-HUBCAS-01","Average CPU Load (%)",2021-12-29 06:00:00,2,,
"RNEC-HUBCAS-01","Minimum CPU Load (%)",2021-12-30 00:45:00,0,,"RNEC-HUBCAS-01","Peak CPU Load (%)",2021-12-30 00:45:00,15,,"RNEC-HUBCAS-01","Average CPU Load (%)",2021-12-30 00:45:00,2,,
"RNEC-HUBCAS-01","Minimum CPU Load (%)",2021-12-31 01:45:00,0,,"RNEC-HUBCAS-01","Peak CPU Load (%)",2021-12-31 01:45:00,8,,"RNEC-HUBCAS-01","Average CPU Load (%)",2021-12-31 01:45:00,2,,
"RNEC-HUBCAS-01","Minimum CPU Load (%)",2022-01-01 02:45:00,0,,"RNEC-HUBCAS-01","Peak CPU Load (%)",2022-01-01 02:45:00,11,,"RNEC-HUBCAS-01","Average CPU Load (%)",2022-01-01 02:45:00,1,,
"RNEC-HUBCAS-01","Minimum CPU Load (%)",2022-01-02 03:45:00,0,,"RNEC-HUBCAS-01","Peak CPU Load (%)",2022-01-02 03:45:00,15,,"RNEC-HUBCAS-01","Average CPU Load (%)",2022-01-02 03:45:00,1,,
"RNEC-HUBCAS-01","Minimum CPU Load (%)",2022-01-03 04:45:00,0,,"RNEC-HUBCAS-01","Peak CPU Load (%)",2022-01-03 04:45:00,14,,"RNEC-HUBCAS-01","Average CPU Load (%)",2022-01-03 04:45:00,2,,
"RNEC-HUBCAS-01","Minimum CPU Load (%)",2022-01-04 05:45:00,0,,"RNEC-HUBCAS-01","Peak CPU Load (%)",2022-01-04 05:45:00,18,,"RNEC-HUBCAS-01","Average CPU Load (%)",2022-01-04 05:45:00,3,,
"RNEC-HUBCAS-01","Minimum CPU Load (%)",2022-01-05 00:30:00,0,,"RNEC-HUBCAS-01","Peak CPU Load (%)",2022-01-05 00:30:00,18,,"RNEC-HUBCAS-01","Average CPU Load (%)",2022-01-05 00:30:00,2,,
"RNEC-HUBCAS-01","Minimum CPU Load (%)",2022-01-06 01:30:00,0,,"RNEC-HUBCAS-01","Peak CPU Load (%)",2022-01-06 01:30:00,18,,"RNEC-HUBCAS-01","Average CPU Load (%)",2022-01-06 01:30:00,2,,
"RNEC-HUBCAS-01","Minimum CPU Load (%)",2022-01-07 02:30:00,0,,"RNEC-HUBCAS-01","Peak CPU Load (%)",2022-01-07 02:30:00,18,,"RNEC-HUBCAS-01","Average CPU Load (%)",2022-01-07 02:30:00,2,,
"RNEC-HUBCAS-01","Minimum CPU Load (%)",2022-01-08 03:30:00,0,,"RNEC-HUBCAS-01","Peak CPU Load (%)",2022-01-08 03:30:00,12,,"RNEC-HUBCAS-01","Average CPU Load (%)",2022-01-08 03:30:00,2,,
"RNEC-HUBCAS-01","Minimum CPU Load (%)",2022-01-09 04:30:00,0,,"RNEC-HUBCAS-01","Peak CPU Load (%)",2022-01-09 04:30:00,9,,"RNEC-HUBCAS-01","Average CPU Load (%)",2022-01-09 04:30:00,1,,
"RNEC-HUBCAS-01","Minimum CPU Load (%)",2022-01-10 05:30:00,0,,"RNEC-HUBCAS-01","Peak CPU Load (%)",2022-01-10 05:30:00,14,,"RNEC-HUBCAS-01","Average CPU Load (%)",2022-01-10 05:30:00,1,,
"RNEC-HUBCAS-01","Minimum CPU Load (%)",2022-01-11 00:15:00,0,,"RNEC-HUBCAS-01","Peak CPU Load (%)",2022-01-11 00:15:00,13,,"RNEC-HUBCAS-01","Average CPU Load (%)",2022-01-11 00:15:00,2,,
"RNEC-HUBCAS-01","Minimum CPU Load (%)",2022-01-12 01:15:00,0,,"RNEC-HUBCAS-01","Peak CPU Load (%)",2022-01-12 01:15:00,21,,"RNEC-HUBCAS-01","Average CPU Load (%)",2022-01-12 01:15:00,3,,
"RNEC-HUBCAS-01","Minimum CPU Load (%)",2022-01-13 02:15:00,0,,"RNEC-HUBCAS-01","Peak CPU Load (%)",2022-01-13 02:15:00,22,,"RNEC-HUBCAS-01","Average CPU Load (%)",2022-01-13 02:15:00,4,,
"RNEC-HUBCAS-01","Minimum CPU Load (%)",2022-01-14 03:15:00,0,,"RNEC-HUBCAS-01","Peak CPU Load (%)",2022-01-14 03:15:00,19,,"RNEC-HUBCAS-01","Average CPU Load (%)",2022-01-14 03:15:00,5,,
"RNEC-HUBCAS-01","Minimum CPU Load (%)",2022-01-15 04:15:00,0,,"RNEC-HUBCAS-01","Peak CPU Load (%)",2022-01-15 04:15:00,19,,"RNEC-HUBCAS-01","Average CPU Load (%)",2022-01-15 04:15:00,4,,
"RNEC-HUBCAS-01","Minimum CPU Load (%)",2022-01-16 05:15:00,0,,"RNEC-HUBCAS-01","Peak CPU Load (%)",2022-01-16 05:15:00,20,,"RNEC-HUBCAS-01","Average CPU Load (%)",2022-01-16 05:15:00,8,,
"RNEC-HUBCAS-01","Minimum CPU Load (%)",2022-01-17 00:00:00,0,,"RNEC-HUBCAS-01","Peak CPU Load (%)",2022-01-17 00:00:00,25,,"RNEC-HUBCAS-01","Average CPU Load (%)",2022-01-17 00:00:00,6,,
"RNEC-HUBCAS-01","Minimum CPU Load (%)",2022-01-18 01:00:00,0,,"RNEC-HUBCAS-01","Peak CPU Load (%)",2022-01-18 01:00:00,9,,"RNEC-HUBCAS-01","Average CPU Load (%)",2022-01-18 01:00:00,4,,
"RNEC-HUBCAS-01","Minimum CPU Load (%)",2022-01-18 07:15:00,0,,"RNEC-HUBCAS-01","Peak CPU Load (%)",2022-01-18 07:15:00,13,,"RNEC-HUBCAS-01","Average CPU Load (%)",2022-01-18 07:15:00,2.6666666666666665,,
"RNEC-HUBCAS-01","Minimum CPU Load (%)",2022-01-18 13:30:00,1,,"RNEC-HUBCAS-01","Peak CPU Load (%)",2022-01-18 13:30:00,14,,"RNEC-HUBCAS-01","Average CPU Load (%)",2022-01-18 13:30:00,5.166666666666667,,
"RNEC-HUBCAS-01","Minimum CPU Load (%)",2022-01-18 19:45:00,0,,"RNEC-HUBCAS-01","Peak CPU Load (%)",2022-01-18 19:45:00,18,,"RNEC-HUBCAS-01","Average CPU Load (%)",2022-01-18 19:45:00,5.333333333333333,,
"RNEC-HUBCAS-01","Minimum CPU Load (%)",2022-01-19 02:00:00,0,,"RNEC-HUBCAS-01","Peak CPU Load (%)",2022-01-19 02:00:00,12,,"RNEC-HUBCAS-01","Average CPU Load (%)",2022-01-19 02:00:00,3,,
"RNEC-HUBCAS-01","Minimum CPU Load (%)",2022-01-19 08:15:00,0,,"RNEC-HUBCAS-01","Peak CPU Load (%)",2022-01-19 08:15:00,17,,"RNEC-HUBCAS-01","Average CPU Load (%)",2022-01-19 08:15:00,5,,
"RNEC-HUBCAS-01","Minimum CPU Load (%)",2022-01-19 14:30:00,0,,"RNEC-HUBCAS-01","Peak CPU Load (%)",2022-01-19 14:30:00,19,,"RNEC-HUBCAS-01","Average CPU Load (%)",2022-01-19 14:30:00,5,,
"RNEC-HUBCAS-01","Minimum CPU Load (%)",2022-01-19 20:45:00,0,,"RNEC-HUBCAS-01","Peak CPU Load (%)",2022-01-19 20:45:00,17,,"RNEC-HUBCAS-01","Average CPU Load (%)",2022-01-19 20:45:00,4.333333333333333,,
"RNEC-HUBCAS-01","Minimum CPU Load (%)",2022-01-20 03:00:00,0,,"RNEC-HUBCAS-01","Peak CPU Load (%)",2022-01-20 03:00:00,17,,"RNEC-HUBCAS-01","Average CPU Load (%)",2022-01-20 03:00:00,3.5714285714285716,,
"RNEC-HUBCAS-01","Minimum CPU Load (%)",2022-01-20 09:15:00,0,,"RNEC-HUBCAS-01","Peak CPU Load (%)",2022-01-20 09:15:00,15,,"RNEC-HUBCAS-01","Average CPU Load (%)",2022-01-20 09:15:00,4.666666666666667,,
"RNEC-HUBCAS-01","Minimum CPU Load (%)",2022-01-20 15:30:00,0,,"RNEC-HUBCAS-01","Peak CPU Load (%)",2022-01-20 15:30:00,20,,"RNEC-HUBCAS-01","Average CPU Load (%)",2022-01-20 15:30:00,5.833333333333333,,
"RNEC-HUBCAS-01","Minimum CPU Load (%)",2022-01-20 21:45:00,0,,"RNEC-HUBCAS-01","Peak CPU Load (%)",2022-01-20 21:45:00,17,,"RNEC-HUBCAS-01","Average CPU Load (%)",2022-01-20 21:45:00,4.166666666666667,,
"RNEC-HUBCAS-01","Minimum CPU Load (%)",2022-01-21 04:00:00,0,,"RNEC-HUBCAS-01","Peak CPU Load (%)",2022-01-21 04:00:00,13,,"RNEC-HUBCAS-01","Average CPU Load (%)",2022-01-21 04:00:00,4.285714285714286,,
"RNEC-HUBCAS-01","Minimum CPU Load (%)",2022-01-21 10:15:00,0,,"RNEC-HUBCAS-01","Peak CPU Load (%)",2022-01-21 10:15:00,19,,"RNEC-HUBCAS-01","Average CPU Load (%)",2022-01-21 10:15:00,5.666666666666667,,
"RNEC-HUBCAS-01","Minimum CPU Load (%)",2022-01-21 16:30:00,1,,"RNEC-HUBCAS-01","Peak CPU Load (%)",2022-01-21 16:30:00,16,,"RNEC-HUBCAS-01","Average CPU Load (%)",2022-01-21 16:30:00,6.333333333333333,,
"RNEC-HUBCAS-01","Minimum CPU Load (%)",2022-01-21 22:45:00,0,,"RNEC-HUBCAS-01","Peak CPU Load (%)",2022-01-21 22:45:00,24,,"RNEC-HUBCAS-01","Average CPU Load (%)",2022-01-21 22:45:00,5.666666666666667,,
"RNEC-HUBCAS-01","Minimum CPU Load (%)",2022-01-22 05:00:00,0,,"RNEC-HUBCAS-01","Peak CPU Load (%)",2022-01-22 05:00:00,11,,"RNEC-HUBCAS-01","Average CPU Load (%)",2022-01-22 05:00:00,2.45,,
"RNEC-HUBCAS-01","Minimum CPU Load (%)",2022-01-22 11:15:00,0,,"RNEC-HUBCAS-01","Peak CPU Load (%)",2022-01-22 11:15:00,11,,"RNEC-HUBCAS-01","Average CPU Load (%)",2022-01-22 11:15:00,2,,
"RNEC-HUBCAS-01","Minimum CPU Load (%)",2022-01-22 17:30:00,0,,"RNEC-HUBCAS-01","Peak CPU Load (%)",2022-01-22 17:30:00,7,,"RNEC-HUBCAS-01","Average CPU Load (%)",2022-01-22 17:30:00,3.1666666666666665,,
"RNEC-HUBCAS-01","Minimum CPU Load (%)",2022-01-22 23:45:00,0,,"RNEC-HUBCAS-01","Peak CPU Load (%)",2022-01-22 23:45:00,9,,"RNEC-HUBCAS-01","Average CPU Load (%)",2022-01-22 23:45:00,2.3333333333333335,,
"RNEC-HUBCAS-01","Minimum CPU Load (%)",2022-01-23 06:00:00,0,,"RNEC-HUBCAS-01","Peak CPU Load (%)",2022-01-23 06:00:00,4,,"RNEC-HUBCAS-01","Average CPU Load (%)",2022-01-23 06:00:00,0.8571428571428571,,
"RNEC-HUBCAS-01","Minimum CPU Load (%)",2022-01-23 12:15:00,0,,"RNEC-HUBCAS-01","Peak CPU Load (%)",2022-01-23 12:15:00,9,,"RNEC-HUBCAS-01","Average CPU Load (%)",2022-01-23 12:15:00,1.3333333333333333,,
"RNEC-HUBCAS-01","Minimum CPU Load (%)",2022-01-23 18:30:00,0,,"RNEC-HUBCAS-01","Peak CPU Load (%)",2022-01-23 18:30:00,7,,"RNEC-HUBCAS-01","Average CPU Load (%)",2022-01-23 18:30:00,1.6666666666666667,,
"RNEC-HUBCAS-01","Minimum CPU Load (%)",2022-01-24 00:45:00,0,,"RNEC-HUBCAS-01","Peak CPU Load (%)",2022-01-24 00:45:00,11,,"RNEC-HUBCAS-01","Average CPU Load (%)",2022-01-24 00:45:00,2.5,,
"RNEC-HUBCAS-01","Minimum CPU Load (%)",2022-01-24 07:00:00,0,,"RNEC-HUBCAS-01","Peak CPU Load (%)",2022-01-24 07:00:00,9,,"RNEC-HUBCAS-01","Average CPU Load (%)",2022-01-24 07:00:00,1.8571428571428572,,
"RNEC-HUBCAS-01","Minimum CPU Load (%)",2022-01-24 13:15:00,1,,"RNEC-HUBCAS-01","Peak CPU Load (%)",2022-01-24 13:15:00,19,,"RNEC-HUBCAS-01","Average CPU Load (%)",2022-01-24 13:15:00,5,,
"RNEC-HUBCAS-01","Minimum CPU Load (%)",2022-01-24 19:30:00,0,,"RNEC-HUBCAS-01","Peak CPU Load (%)",2022-01-24 19:30:00,6,,"RNEC-HUBCAS-01","Average CPU Load (%)",2022-01-24 19:30:00,2.5,,
"RNEC-HUBCAS-01","Minimum CPU Load (%)",2022-01-25 01:45:00,0,,"RNEC-HUBCAS-01","Peak CPU Load (%)",2022-01-25 01:45:00,10,,"RNEC-HUBCAS-01","Average CPU Load (%)",2022-01-25 01:45:00,2.1176470588235294,,
"RNEC-HUBCAS-01","Minimum CPU Load (%)",2022-01-25 08:00:00,0,,"RNEC-HUBCAS-01","Peak CPU Load (%)",2022-01-25 08:00:00,12,,"RNEC-HUBCAS-01","Average CPU Load (%)",2022-01-25 08:00:00,4.571428571428571,,
"RNEC-HUBCAS-01","Minimum CPU Load (%)",2022-01-25 14:15:00,1,,"RNEC-HUBCAS-01","Peak CPU Load (%)",2022-01-25 14:15:00,15,,"RNEC-HUBCAS-01","Average CPU Load (%)",2022-01-25 14:15:00,4.5,,
"RNEC-HUBCAS-01","Minimum CPU Load (%)",2022-01-25 20:30:00,0,,"RNEC-HUBCAS-01","Peak CPU Load (%)",2022-01-25 20:30:00,22,,"RNEC-HUBCAS-01","Average CPU Load (%)",2022-01-25 20:30:00,3,,
"RNEC-HUBCAS-01","Minimum CPU Load (%)",2022-01-26 02:45:00,0,,"RNEC-HUBCAS-01","Peak CPU Load (%)",2022-01-26 02:45:00,11,,"RNEC-HUBCAS-01","Average CPU Load (%)",2022-01-26 02:45:00,3.588235294117647,,
"RNEC-HUBCAS-01","Minimum CPU Load (%)",2022-01-26 09:00:00,0,,"RNEC-HUBCAS-01","Peak CPU Load (%)",2022-01-26 09:00:00,12,,"RNEC-HUBCAS-01","Average CPU Load (%)",2022-01-26 09:00:00,3.4634146341463414,,
"RNEC-HUBCAS-01","Minimum CPU Load (%)",2022-01-26 15:15:00,0,,"RNEC-HUBCAS-01","Peak CPU Load (%)",2022-01-26 15:15:00,10,,"RNEC-HUBCAS-01","Average CPU Load (%)",2022-01-26 15:15:00,3.1666666666666665,,
"RNEC-HUBCAS-01","Minimum CPU Load (%)",2022-01-26 21:30:00,0,,"RNEC-HUBCAS-01","Peak CPU Load (%)",2022-01-26 21:30:00,29,,"RNEC-HUBCAS-01","Average CPU Load (%)",2022-01-26 21:30:00,3,,
"RNEC-HUBCAS-01","Minimum CPU Load (%)",2022-01-27 03:45:00,0,,"RNEC-HUBCAS-01","Peak CPU Load (%)",2022-01-27 03:45:00,8,,"RNEC-HUBCAS-01","Average CPU Load (%)",2022-01-27 03:45:00,1.3333333333333333,,
"RNEC-HUBCAS-01","Minimum CPU Load (%)",2022-01-27 10:00:00,0,,"RNEC-HUBCAS-01","Peak CPU Load (%)",2022-01-27 10:00:00,8,,"RNEC-HUBCAS-01","Average CPU Load (%)",2022-01-27 10:00:00,2.2857142857142856,,
"RNEC-HUBCAS-01","Minimum CPU Load (%)",2022-01-27 16:15:00,0,,"RNEC-HUBCAS-01","Peak CPU Load (%)",2022-01-27 16:15:00,9,,"RNEC-HUBCAS-01","Average CPU Load (%)",2022-01-27 16:15:00,2.6666666666666665,,
"RNEC-HUBCAS-01","Minimum CPU Load (%)",2022-01-27 22:30:00,0,,"RNEC-HUBCAS-01","Peak CPU Load (%)",2022-01-27 22:30:00,7,,"RNEC-HUBCAS-01","Average CPU Load (%)",2022-01-27 22:30:00,1.3333333333333333,,
"RNEC-HUBCAS-01","Minimum CPU Load (%)",2022-01-28 04:45:00,0,,"RNEC-HUBCAS-01","Peak CPU Load (%)",2022-01-28 04:45:00,6,,"RNEC-HUBCAS-01","Average CPU Load (%)",2022-01-28 04:45:00,1.1666666666666667,,
"RNEC-HUBCAS-01","Minimum CPU Load (%)",2022-01-28 11:00:00,0,,"RNEC-HUBCAS-01","Peak CPU Load (%)",2022-01-28 11:00:00,9,,"RNEC-HUBCAS-01","Average CPU Load (%)",2022-01-28 11:00:00,3.142857142857143,,
"RNEC-HUBCAS-01","Minimum CPU Load (%)",2022-01-28 17:15:00,0,,"RNEC-HUBCAS-01","Peak CPU Load (%)",2022-01-28 17:15:00,11,,"RNEC-HUBCAS-01","Average CPU Load (%)",2022-01-28 17:15:00,3.5,,
"RNEC-HUBCAS-01","Minimum CPU Load (%)",2022-01-28 23:30:00,0,,"RNEC-HUBCAS-01","Peak CPU Load (%)",2022-01-28 23:30:00,7,,"RNEC-HUBCAS-01","Average CPU Load (%)",2022-01-28 23:30:00,1.8333333333333333,,
"RNEC-HUBCAS-01","Minimum CPU Load (%)",2022-01-29 05:45:00,0,,"RNEC-HUBCAS-01","Peak CPU Load (%)",2022-01-29 05:45:00,5,,"RNEC-HUBCAS-01","Average CPU Load (%)",2022-01-29 05:45:00,0.6666666666666666,,
"RNEC-HUBCAS-01","Minimum CPU Load (%)",2022-01-29 12:00:00,0,,"RNEC-HUBCAS-01","Peak CPU Load (%)",2022-01-29 12:00:00,8,,"RNEC-HUBCAS-01","Average CPU Load (%)",2022-01-29 12:00:00,1.1428571428571428,,
"RNEC-HUBCAS-01","Minimum CPU Load (%)",2022-01-29 18:15:00,0,,"RNEC-HUBCAS-01","Peak CPU Load (%)",2022-01-29 18:15:00,8,,"RNEC-HUBCAS-01","Average CPU Load (%)",2022-01-29 18:15:00,1.8333333333333333,,
"RNEC-HUBCAS-01","Minimum CPU Load (%)",2022-01-30 00:30:00,0,,"RNEC-HUBCAS-01","Peak CPU Load (%)",2022-01-30 00:30:00,8,,"RNEC-HUBCAS-01","Average CPU Load (%)",2022-01-30 00:30:00,2.323529411764706,,
"RNEC-HUBCAS-01","Minimum CPU Load (%)",2022-01-30 06:45:00,0,,"RNEC-HUBCAS-01","Peak CPU Load (%)",2022-01-30 06:45:00,10,,"RNEC-HUBCAS-01","Average CPU Load (%)",2022-01-30 06:45:00,1.8285714285714285,,
"RNEC-HUBCAS-01","Minimum CPU Load (%)",2022-01-30 13:00:00,0,,"RNEC-HUBCAS-01","Peak CPU Load (%)",2022-01-30 13:00:00,9,,"RNEC-HUBCAS-01","Average CPU Load (%)",2022-01-30 13:00:00,2.25,,
"RNEC-HUBCAS-01","Minimum CPU Load (%)",2022-01-30 19:15:00,0,,"RNEC-HUBCAS-01","Peak CPU Load (%)",2022-01-30 19:15:00,12,,"RNEC-HUBCAS-01","Average CPU Load (%)",2022-01-30 19:15:00,4.166666666666667,,
"RNEC-HUBCAS-01","Minimum CPU Load (%)",2022-01-31 01:30:00,0,,"RNEC-HUBCAS-01","Peak CPU Load (%)",2022-01-31 01:30:00,19,,"RNEC-HUBCAS-01","Average CPU Load (%)",2022-01-31 01:30:00,7,,
"RNEC-HUBCAS-01","Minimum CPU Load (%)",2022-01-31 07:45:00,0,,"RNEC-HUBCAS-01","Peak CPU Load (%)",2022-01-31 07:45:00,12,,"RNEC-HUBCAS-01","Average CPU Load (%)",2022-01-31 07:45:00,5.833333333333333,,
"RNEC-HUBCAS-01","Minimum CPU Load (%)",2022-01-31 14:00:00,0,,"RNEC-HUBCAS-01","Peak CPU Load (%)",2022-01-31 14:00:00,21,,"RNEC-HUBCAS-01","Average CPU Load (%)",2022-01-31 14:00:00,7.219512195121951,,
"RNEC-HUBCAS-01","Minimum CPU Load (%)",2022-01-31 20:15:00,0,,"RNEC-HUBCAS-01","Peak CPU Load (%)",2022-01-31 20:15:00,18,,"RNEC-HUBCAS-01","Average CPU Load (%)",2022-01-31 20:15:00,6.166666666666667,,
"RNEC-HUBCAS-01","Minimum CPU Load (%)",2022-02-01 02:30:00,0,,"RNEC-HUBCAS-01","Peak CPU Load (%)",2022-02-01 02:30:00,12,,"RNEC-HUBCAS-01","Average CPU Load (%)",2022-02-01 02:30:00,2.3333333333333335,,
"RNEC-HUBCAS-01","Minimum CPU Load (%)",2022-02-01 08:45:00,0,,"RNEC-HUBCAS-01","Peak CPU Load (%)",2022-02-01 08:45:00,7,,"RNEC-HUBCAS-01","Average CPU Load (%)",2022-02-01 08:45:00,2.1666666666666665,,
"RNEC-HUBCAS-01","Minimum CPU Load (%)",2022-02-01 15:00:00,0,,"RNEC-HUBCAS-01","Peak CPU Load (%)",2022-02-01 15:00:00,24,,"RNEC-HUBCAS-01","Average CPU Load (%)",2022-02-01 15:00:00,4.428571428571429,,
"RNEC-HUBCAS-01","Minimum CPU Load (%)",2022-02-01 21:15:00,0,,"RNEC-HUBCAS-01","Peak CPU Load (%)",2022-02-01 21:15:00,10,,"RNEC-HUBCAS-01","Average CPU Load (%)",2022-02-01 21:15:00,2.3333333333333335,,
"RNEC-HUBCAS-01","Minimum CPU Load (%)",2022-02-02 03:30:00,0,,"RNEC-HUBCAS-01","Peak CPU Load (%)",2022-02-02 03:30:00,8,,"RNEC-HUBCAS-01","Average CPU Load (%)",2022-02-02 03:30:00,1.8333333333333333,,
"RNEC-HUBCAS-01","Minimum CPU Load (%)",2022-02-02 09:45:00,0,,"RNEC-HUBCAS-01","Peak CPU Load (%)",2022-02-02 09:45:00,9,,"RNEC-HUBCAS-01","Average CPU Load (%)",2022-02-02 09:45:00,2.1666666666666665,,
"RNEC-HUBCAS-01","Minimum CPU Load (%)",2022-02-02 16:00:00,0,,"RNEC-HUBCAS-01","Peak CPU Load (%)",2022-02-02 16:00:00,19,,"RNEC-HUBCAS-01","Average CPU Load (%)",2022-02-02 16:00:00,5.571428571428571,,
"RNEC-HUBCAS-01","Minimum CPU Load (%)",2022-02-02 22:15:00,0,,"RNEC-HUBCAS-01","Peak CPU Load (%)",2022-02-02 22:15:00,9,,"RNEC-HUBCAS-01","Average CPU Load (%)",2022-02-02 22:15:00,1.8333333333333333,,
"RNEC-HUBCAS-01","Minimum CPU Load (%)",2022-02-03 04:30:00,0,,"RNEC-HUBCAS-01","Peak CPU Load (%)",2022-02-03 04:30:00,8,,"RNEC-HUBCAS-01","Average CPU Load (%)",2022-02-03 04:30:00,2,,
"RNEC-HUBCAS-01","Minimum CPU Load (%)",2022-02-03 10:45:00,0,,"RNEC-HUBCAS-01","Peak CPU Load (%)",2022-02-03 10:45:00,12,,"RNEC-HUBCAS-01","Average CPU Load (%)",2022-02-03 10:45:00,3.1666666666666665,,
"RNEC-HUBCAS-01","Minimum CPU Load (%)",2022-02-03 17:00:00,0,,"RNEC-HUBCAS-01","Peak CPU Load (%)",2022-02-03 17:00:00,22,,"RNEC-HUBCAS-01","Average CPU Load (%)",2022-02-03 17:00:00,4.857142857142857,,
"RNEC-HUBCAS-01","Minimum CPU Load (%)",2022-02-03 23:15:00,0,,"RNEC-HUBCAS-01","Peak CPU Load (%)",2022-02-03 23:15:00,7,,"RNEC-HUBCAS-01","Average CPU Load (%)",2022-02-03 23:15:00,1.8333333333333333,,
"RNEC-HUBCAS-01","Minimum CPU Load (%)",2022-02-04 05:30:00,0,,"RNEC-HUBCAS-01","Peak CPU Load (%)",2022-02-04 05:30:00,7,,"RNEC-HUBCAS-01","Average CPU Load (%)",2022-02-04 05:30:00,1.8333333333333333,,
"RNEC-HUBCAS-01","Minimum CPU Load (%)",2022-02-04 11:45:00,0,,"RNEC-HUBCAS-01","Peak CPU Load (%)",2022-02-04 11:45:00,17,,"RNEC-HUBCAS-01","Average CPU Load (%)",2022-02-04 11:45:00,5.666666666666667,,
"RNEC-HUBCAS-01","Minimum CPU Load (%)",2022-02-04 18:00:00,0,,"RNEC-HUBCAS-01","Peak CPU Load (%)",2022-02-04 18:00:00,34,,"RNEC-HUBCAS-01","Average CPU Load (%)",2022-02-04 18:00:00,4.857142857142857,,
"RNEC-HUBCAS-01","Minimum CPU Load (%)",2022-02-05 00:15:00,0,,"RNEC-HUBCAS-01","Peak CPU Load (%)",2022-02-05 00:15:00,8,,"RNEC-HUBCAS-01","Average CPU Load (%)",2022-02-05 00:15:00,1.6666666666666667,,
"RNEC-HUBCAS-01","Minimum CPU Load (%)",2022-02-05 06:30:00,0,,"RNEC-HUBCAS-01","Peak CPU Load (%)",2022-02-05 06:30:00,6,,"RNEC-HUBCAS-01","Average CPU Load (%)",2022-02-05 06:30:00,1.6666666666666667,,
"RNEC-HUBCAS-01","Minimum CPU Load (%)",2022-02-05 12:45:00,0,,"RNEC-HUBCAS-01","Peak CPU Load (%)",2022-02-05 12:45:00,37,,"RNEC-HUBCAS-01","Average CPU Load (%)",2022-02-05 12:45:00,3.6666666666666665,,
"RNEC-HUBCAS-01","Minimum CPU Load (%)",2022-02-05 19:00:00,0,,"RNEC-HUBCAS-01","Peak CPU Load (%)",2022-02-05 19:00:00,8,,"RNEC-HUBCAS-01","Average CPU Load (%)",2022-02-05 19:00:00,1.8571428571428572,,
"RNEC-HUBCAS-01","Minimum CPU Load (%)",2022-02-06 01:15:00,0,,"RNEC-HUBCAS-01","Peak CPU Load (%)",2022-02-06 01:15:00,10,,"RNEC-HUBCAS-01","Average CPU Load (%)",2022-02-06 01:15:00,2.1666666666666665,,
"RNEC-HUBCAS-01","Minimum CPU Load (%)",2022-02-06 07:30:00,0,,"RNEC-HUBCAS-01","Peak CPU Load (%)",2022-02-06 07:30:00,8,,"RNEC-HUBCAS-01","Average CPU Load (%)",2022-02-06 07:30:00,1.8333333333333333,,
"RNEC-HUBCAS-01","Minimum CPU Load (%)",2022-02-06 13:45:00,0,,"RNEC-HUBCAS-01","Peak CPU Load (%)",2022-02-06 13:45:00,14,,"RNEC-HUBCAS-01","Average CPU Load (%)",2022-02-06 13:45:00,2.5,,
"RNEC-HUBCAS-01","Minimum CPU Load (%)",2022-02-06 20:00:00,0,,"RNEC-HUBCAS-01","Peak CPU Load (%)",2022-02-06 20:00:00,16,,"RNEC-HUBCAS-01","Average CPU Load (%)",2022-02-06 20:00:00,3.142857142857143,,
"RNEC-HUBCAS-01","Minimum CPU Load (%)",2022-02-07 02:15:00,0,,"RNEC-HUBCAS-01","Peak CPU Load (%)",2022-02-07 02:15:00,8,,"RNEC-HUBCAS-01","Average CPU Load (%)",2022-02-07 02:15:00,2,,
"RNEC-HUBCAS-01","Minimum CPU Load (%)",2022-02-07 08:30:00,0,,"RNEC-HUBCAS-01","Peak CPU Load (%)",2022-02-07 08:30:00,14,,"RNEC-HUBCAS-01","Average CPU Load (%)",2022-02-07 08:30:00,2,,
"RNEC-HUBCAS-01","Minimum CPU Load (%)",2022-02-07 14:45:00,0,,"RNEC-HUBCAS-01","Peak CPU Load (%)",2022-02-07 14:45:00,21,,"RNEC-HUBCAS-01","Average CPU Load (%)",2022-02-07 14:45:00,5,,
"RNEC-HUBCAS-01","Minimum CPU Load (%)",2022-02-07 21:00:00,0,,"RNEC-HUBCAS-01","Peak CPU Load (%)",2022-02-07 21:00:00,12,,"RNEC-HUBCAS-01","Average CPU Load (%)",2022-02-07 21:00:00,3.142857142857143,,
"RNEC-HUBCAS-01","Minimum CPU Load (%)",2022-02-08 03:15:00,0,,"RNEC-HUBCAS-01","Peak CPU Load (%)",2022-02-08 03:15:00,18,,"RNEC-HUBCAS-01","Average CPU Load (%)",2022-02-08 03:15:00,2.1666666666666665,,
"RNEC-HUBCAS-01","Minimum CPU Load (%)",2022-02-08 09:30:00,0,,"RNEC-HUBCAS-01","Peak CPU Load (%)",2022-02-08 09:30:00,14,,"RNEC-HUBCAS-01","Average CPU Load (%)",2022-02-08 09:30:00,3.1666666666666665,,
"RNEC-HUBCAS-01","Minimum CPU Load (%)",2022-02-08 15:45:00,0,,"RNEC-HUBCAS-01","Peak CPU Load (%)",2022-02-08 15:45:00,12,,"RNEC-HUBCAS-01","Average CPU Load (%)",2022-02-08 15:45:00,4.166666666666667,,
"RNEC-HUBCAS-01","Minimum CPU Load (%)",2022-02-08 22:00:00,0,,"RNEC-HUBCAS-01","Peak CPU Load (%)",2022-02-08 22:00:00,9,,"RNEC-HUBCAS-01","Average CPU Load (%)",2022-02-08 22:00:00,2.4285714285714284,,
"RNEC-HUBCAS-01","Minimum CPU Load (%)",2022-02-09 04:15:00,0,,"RNEC-HUBCAS-01","Peak CPU Load (%)",2022-02-09 04:15:00,9,,"RNEC-HUBCAS-01","Average CPU Load (%)",2022-02-09 04:15:00,1.5,,
"RNEC-HUBCAS-01","Minimum CPU Load (%)",2022-02-09 10:30:00,0,,"RNEC-HUBCAS-01","Peak CPU Load (%)",2022-02-09 10:30:00,14,,"RNEC-HUBCAS-01","Average CPU Load (%)",2022-02-09 10:30:00,3.1666666666666665,,
"RNEC-HUBCAS-01","Minimum CPU Load (%)",2022-02-09 16:45:00,0,,"RNEC-HUBCAS-01","Peak CPU Load (%)",2022-02-09 16:45:00,11,,"RNEC-HUBCAS-01","Average CPU Load (%)",2022-02-09 16:45:00,3.3333333333333335,,
"RNEC-HUBCAS-01","Minimum CPU Load (%)",2022-02-09 23:00:00,0,,"RNEC-HUBCAS-01","Peak CPU Load (%)",2022-02-09 23:00:00,13,,"RNEC-HUBCAS-01","Average CPU Load (%)",2022-02-09 23:00:00,2.142857142857143,,
"RNEC-HUBCAS-01","Minimum CPU Load (%)",2022-02-10 05:15:00,0,,"RNEC-HUBCAS-01","Peak CPU Load (%)",2022-02-10 05:15:00,9,,"RNEC-HUBCAS-01","Average CPU Load (%)",2022-02-10 05:15:00,2.129032258064516,,
"RNEC-HUBCAS-01","Minimum CPU Load (%)",2022-02-10 11:30:00,0,,"RNEC-HUBCAS-01","Peak CPU Load (%)",2022-02-10 11:30:00,17,,"RNEC-HUBCAS-01","Average CPU Load (%)",2022-02-10 11:30:00,4.157894736842105,,
"RNEC-HUBCAS-01","Minimum CPU Load (%)",2022-02-10 17:45:00,0,,"RNEC-HUBCAS-01","Peak CPU Load (%)",2022-02-10 17:45:00,14,,"RNEC-HUBCAS-01","Average CPU Load (%)",2022-02-10 17:45:00,4.324324324324325,,
"RNEC-HUBCAS-01","Minimum CPU Load (%)",2022-02-11 00:00:00,0,,"RNEC-HUBCAS-01","Peak CPU Load (%)",2022-02-11 00:00:00,7,,"RNEC-HUBCAS-01","Average CPU Load (%)",2022-02-11 00:00:00,2.6052631578947367,,
"RNEC-HUBCAS-01","Minimum CPU Load (%)",2022-02-11 06:15:00,0,,"RNEC-HUBCAS-01","Peak CPU Load (%)",2022-02-11 06:15:00,13,,"RNEC-HUBCAS-01","Average CPU Load (%)",2022-02-11 06:15:00,2.810810810810811,,
"RNEC-HUBCAS-01","Minimum CPU Load (%)",2022-02-11 12:30:00,0,,"RNEC-HUBCAS-01","Peak CPU Load (%)",2022-02-11 12:30:00,19,,"RNEC-HUBCAS-01","Average CPU Load (%)",2022-02-11 12:30:00,6.078947368421052,,
"RNEC-HUBCAS-01","Minimum CPU Load (%)",2022-02-11 18:45:00,0,,"RNEC-HUBCAS-01","Peak CPU Load (%)",2022-02-11 18:45:00,19,,"RNEC-HUBCAS-01","Average CPU Load (%)",2022-02-11 18:45:00,4.378378378378378,,
"RNEC-HUBCAS-01","Minimum CPU Load (%)",2022-02-12 01:00:00,0,,"RNEC-HUBCAS-01","Peak CPU Load (%)",2022-02-12 01:00:00,11,,"RNEC-HUBCAS-01","Average CPU Load (%)",2022-02-12 01:00:00,2.473684210526316,,
"RNEC-HUBCAS-01","Minimum CPU Load (%)",2022-02-12 07:15:00,0,,"RNEC-HUBCAS-01","Peak CPU Load (%)",2022-02-12 07:15:00,11,,"RNEC-HUBCAS-01","Average CPU Load (%)",2022-02-12 07:15:00,2.081081081081081,,
"RNEC-HUBCAS-01","Minimum CPU Load (%)",2022-02-12 13:30:00,0,,"RNEC-HUBCAS-01","Peak CPU Load (%)",2022-02-12 13:30:00,11,,"RNEC-HUBCAS-01","Average CPU Load (%)",2022-02-12 13:30:00,2.3421052631578947,,
"RNEC-HUBCAS-01","Minimum CPU Load (%)",2022-02-12 19:45:00,0,,"RNEC-HUBCAS-01","Peak CPU Load (%)",2022-02-12 19:45:00,10,,"RNEC-HUBCAS-01","Average CPU Load (%)",2022-02-12 19:45:00,3.135135135135135,,
"RNEC-HUBCAS-01","Minimum CPU Load (%)",2022-02-13 02:00:00,0,,"RNEC-HUBCAS-01","Peak CPU Load (%)",2022-02-13 02:00:00,12,,"RNEC-HUBCAS-01","Average CPU Load (%)",2022-02-13 02:00:00,2.763157894736842,,
"RNEC-HUBCAS-01","Minimum CPU Load (%)",2022-02-13 08:15:00,0,,"RNEC-HUBCAS-01","Peak CPU Load (%)",2022-02-13 08:15:00,11,,"RNEC-HUBCAS-01","Average CPU Load (%)",2022-02-13 08:15:00,1.6216216216216217,,
"RNEC-HUBCAS-01","Minimum CPU Load (%)",2022-02-13 14:30:00,0,,"RNEC-HUBCAS-01","Peak CPU Load (%)",2022-02-13 14:30:00,9,,"RNEC-HUBCAS-01","Average CPU Load (%)",2022-02-13 14:30:00,2.6578947368421053,,
"RNEC-HUBCAS-01","Minimum CPU Load (%)",2022-02-13 20:45:00,0,,"RNEC-HUBCAS-01","Peak CPU Load (%)",2022-02-13 20:45:00,6,,"RNEC-HUBCAS-01","Average CPU Load (%)",2022-02-13 20:45:00,1.864864864864865,,
"RNEC-HUBCAS-01","Minimum CPU Load (%)",2022-02-14 03:00:00,0,,"RNEC-HUBCAS-01","Peak CPU Load (%)",2022-02-14 03:00:00,13,,"RNEC-HUBCAS-01","Average CPU Load (%)",2022-02-14 03:00:00,2.710526315789474,,
"RNEC-HUBCAS-01","Minimum CPU Load (%)",2022-02-14 09:15:00,0,,"RNEC-HUBCAS-01","Peak CPU Load (%)",2022-02-14 09:15:00,13,,"RNEC-HUBCAS-01","Average CPU Load (%)",2022-02-14 09:15:00,2.4594594594594597,,
"RNEC-HUBCAS-01","Minimum CPU Load (%)",2022-02-14 15:30:00,0,,"RNEC-HUBCAS-01","Peak CPU Load (%)",2022-02-14 15:30:00,22,,"RNEC-HUBCAS-01","Average CPU Load (%)",2022-02-14 15:30:00,4.631578947368421,,
"RNEC-HUBCAS-01","Minimum CPU Load (%)",2022-02-14 21:45:00,0,,"RNEC-HUBCAS-01","Peak CPU Load (%)",2022-02-14 21:45:00,10,,"RNEC-HUBCAS-01","Average CPU Load (%)",2022-02-14 21:45:00,3.4594594594594597,,
"RNEC-HUBCAS-01","Minimum CPU Load (%)",2022-02-15 04:00:00,0,,"RNEC-HUBCAS-01","Peak CPU Load (%)",2022-02-15 04:00:00,9,,"RNEC-HUBCAS-01","Average CPU Load (%)",2022-02-15 04:00:00,3.1842105263157894,,
"RNEC-HUBCAS-01","Minimum CPU Load (%)",2022-02-15 10:15:00,0,,"RNEC-HUBCAS-01","Peak CPU Load (%)",2022-02-15 10:15:00,14,,"RNEC-HUBCAS-01","Average CPU Load (%)",2022-02-15 10:15:00,3.135135135135135,,
"RNEC-HUBCAS-01","Minimum CPU Load (%)",2022-02-15 16:30:00,1,,"RNEC-HUBCAS-01","Peak CPU Load (%)",2022-02-15 16:30:00,21,,"RNEC-HUBCAS-01","Average CPU Load (%)",2022-02-15 16:30:00,6.7368421052631575,,

