"New Analysis Project","=HYPERLINK(""https://solarwinds.une.com.co/ui/perfstack/?charts=0_Orion.Nodes_12797-Orion.CPULoad.MinLoad,0_Orion.Nodes_12797-Orion.CPULoad.MaxLoad,0_Orion.Nodes_12797-Orion.CPULoad.AvgLoad;&startTime=2021-12-15T09:03:00.000Z&endTime=2022-02-15T21:03:00.000Z"")"
Start,2021-12-15 04:03:00,End,2022-02-15 16:03:00

"Custom Chart"
Entity,Metric,Date/Time,Value,,Entity,Metric,Date/Time,Value,,Entity,Metric,Date/Time,Value,
"RNEC-SCDPM-01","Minimum CPU Load (%)",2021-12-16 05:03:00,0,,"RNEC-SCDPM-01","Peak CPU Load (%)",2021-12-16 05:03:00,24,,"RNEC-SCDPM-01","Average CPU Load (%)",2021-12-16 05:03:00,3,,
"RNEC-SCDPM-01","Minimum CPU Load (%)",2021-12-17 06:03:00,0,,"RNEC-SCDPM-01","Peak CPU Load (%)",2021-12-17 06:03:00,23,,"RNEC-SCDPM-01","Average CPU Load (%)",2021-12-17 06:03:00,3,,
"RNEC-SCDPM-01","Minimum CPU Load (%)",2021-12-18 00:48:00,0,,"RNEC-SCDPM-01","Peak CPU Load (%)",2021-12-18 00:48:00,19,,"RNEC-SCDPM-01","Average CPU Load (%)",2021-12-18 00:48:00,2,,
"RNEC-SCDPM-01","Minimum CPU Load (%)",2021-12-19 01:48:00,0,,"RNEC-SCDPM-01","Peak CPU Load (%)",2021-12-19 01:48:00,19,,"RNEC-SCDPM-01","Average CPU Load (%)",2021-12-19 01:48:00,2,,
"RNEC-SCDPM-01","Minimum CPU Load (%)",2021-12-20 02:48:00,0,,"RNEC-SCDPM-01","Peak CPU Load (%)",2021-12-20 02:48:00,20,,"RNEC-SCDPM-01","Average CPU Load (%)",2021-12-20 02:48:00,2,,
"RNEC-SCDPM-01","Minimum CPU Load (%)",2021-12-21 03:48:00,0,,"RNEC-SCDPM-01","Peak CPU Load (%)",2021-12-21 03:48:00,25,,"RNEC-SCDPM-01","Average CPU Load (%)",2021-12-21 03:48:00,3,,
"RNEC-SCDPM-01","Minimum CPU Load (%)",2021-12-22 04:48:00,0,,"RNEC-SCDPM-01","Peak CPU Load (%)",2021-12-22 04:48:00,31,,"RNEC-SCDPM-01","Average CPU Load (%)",2021-12-22 04:48:00,3,,
"RNEC-SCDPM-01","Minimum CPU Load (%)",2021-12-23 05:48:00,0,,"RNEC-SCDPM-01","Peak CPU Load (%)",2021-12-23 05:48:00,29,,"RNEC-SCDPM-01","Average CPU Load (%)",2021-12-23 05:48:00,3,,
"RNEC-SCDPM-01","Minimum CPU Load (%)",2021-12-24 00:33:00,0,,"RNEC-SCDPM-01","Peak CPU Load (%)",2021-12-24 00:33:00,26,,"RNEC-SCDPM-01","Average CPU Load (%)",2021-12-24 00:33:00,3,,
"RNEC-SCDPM-01","Minimum CPU Load (%)",2021-12-25 01:33:00,0,,"RNEC-SCDPM-01","Peak CPU Load (%)",2021-12-25 01:33:00,21,,"RNEC-SCDPM-01","Average CPU Load (%)",2021-12-25 01:33:00,2,,
"RNEC-SCDPM-01","Minimum CPU Load (%)",2021-12-26 02:33:00,0,,"RNEC-SCDPM-01","Peak CPU Load (%)",2021-12-26 02:33:00,32,,"RNEC-SCDPM-01","Average CPU Load (%)",2021-12-26 02:33:00,2,,
"RNEC-SCDPM-01","Minimum CPU Load (%)",2021-12-27 03:33:00,0,,"RNEC-SCDPM-01","Peak CPU Load (%)",2021-12-27 03:33:00,22,,"RNEC-SCDPM-01","Average CPU Load (%)",2021-12-27 03:33:00,2,,
"RNEC-SCDPM-01","Minimum CPU Load (%)",2021-12-28 04:33:00,0,,"RNEC-SCDPM-01","Peak CPU Load (%)",2021-12-28 04:33:00,19,,"RNEC-SCDPM-01","Average CPU Load (%)",2021-12-28 04:33:00,2,,
"RNEC-SCDPM-01","Minimum CPU Load (%)",2021-12-29 05:33:00,0,,"RNEC-SCDPM-01","Peak CPU Load (%)",2021-12-29 05:33:00,24,,"RNEC-SCDPM-01","Average CPU Load (%)",2021-12-29 05:33:00,2,,
"RNEC-SCDPM-01","Minimum CPU Load (%)",2021-12-30 00:18:00,0,,"RNEC-SCDPM-01","Peak CPU Load (%)",2021-12-30 00:18:00,29,,"RNEC-SCDPM-01","Average CPU Load (%)",2021-12-30 00:18:00,2,,
"RNEC-SCDPM-01","Minimum CPU Load (%)",2021-12-31 01:18:00,0,,"RNEC-SCDPM-01","Peak CPU Load (%)",2021-12-31 01:18:00,20,,"RNEC-SCDPM-01","Average CPU Load (%)",2021-12-31 01:18:00,2,,
"RNEC-SCDPM-01","Minimum CPU Load (%)",2022-01-01 02:18:00,0,,"RNEC-SCDPM-01","Peak CPU Load (%)",2022-01-01 02:18:00,20,,"RNEC-SCDPM-01","Average CPU Load (%)",2022-01-01 02:18:00,2,,
"RNEC-SCDPM-01","Minimum CPU Load (%)",2022-01-02 03:18:00,0,,"RNEC-SCDPM-01","Peak CPU Load (%)",2022-01-02 03:18:00,20,,"RNEC-SCDPM-01","Average CPU Load (%)",2022-01-02 03:18:00,3,,
"RNEC-SCDPM-01","Minimum CPU Load (%)",2022-01-03 04:18:00,0,,"RNEC-SCDPM-01","Peak CPU Load (%)",2022-01-03 04:18:00,20,,"RNEC-SCDPM-01","Average CPU Load (%)",2022-01-03 04:18:00,2,,
"RNEC-SCDPM-01","Minimum CPU Load (%)",2022-01-04 05:18:00,0,,"RNEC-SCDPM-01","Peak CPU Load (%)",2022-01-04 05:18:00,18,,"RNEC-SCDPM-01","Average CPU Load (%)",2022-01-04 05:18:00,2,,
"RNEC-SCDPM-01","Minimum CPU Load (%)",2022-01-05 00:03:00,0,,"RNEC-SCDPM-01","Peak CPU Load (%)",2022-01-05 00:03:00,21,,"RNEC-SCDPM-01","Average CPU Load (%)",2022-01-05 00:03:00,2,,
"RNEC-SCDPM-01","Minimum CPU Load (%)",2022-01-06 01:03:00,0,,"RNEC-SCDPM-01","Peak CPU Load (%)",2022-01-06 01:03:00,29,,"RNEC-SCDPM-01","Average CPU Load (%)",2022-01-06 01:03:00,2,,
"RNEC-SCDPM-01","Minimum CPU Load (%)",2022-01-07 02:03:00,0,,"RNEC-SCDPM-01","Peak CPU Load (%)",2022-01-07 02:03:00,32,,"RNEC-SCDPM-01","Average CPU Load (%)",2022-01-07 02:03:00,3,,
"RNEC-SCDPM-01","Minimum CPU Load (%)",2022-01-08 03:03:00,0,,"RNEC-SCDPM-01","Peak CPU Load (%)",2022-01-08 03:03:00,26,,"RNEC-SCDPM-01","Average CPU Load (%)",2022-01-08 03:03:00,3,,
"RNEC-SCDPM-01","Minimum CPU Load (%)",2022-01-09 04:03:00,0,,"RNEC-SCDPM-01","Peak CPU Load (%)",2022-01-09 04:03:00,17,,"RNEC-SCDPM-01","Average CPU Load (%)",2022-01-09 04:03:00,2,,
"RNEC-SCDPM-01","Minimum CPU Load (%)",2022-01-10 05:03:00,0,,"RNEC-SCDPM-01","Peak CPU Load (%)",2022-01-10 05:03:00,26,,"RNEC-SCDPM-01","Average CPU Load (%)",2022-01-10 05:03:00,3,,
"RNEC-SCDPM-01","Minimum CPU Load (%)",2022-01-11 06:03:00,0,,"RNEC-SCDPM-01","Peak CPU Load (%)",2022-01-11 06:03:00,19,,"RNEC-SCDPM-01","Average CPU Load (%)",2022-01-11 06:03:00,2,,
"RNEC-SCDPM-01","Minimum CPU Load (%)",2022-01-12 00:48:00,0,,"RNEC-SCDPM-01","Peak CPU Load (%)",2022-01-12 00:48:00,25,,"RNEC-SCDPM-01","Average CPU Load (%)",2022-01-12 00:48:00,2,,
"RNEC-SCDPM-01","Minimum CPU Load (%)",2022-01-13 01:48:00,0,,"RNEC-SCDPM-01","Peak CPU Load (%)",2022-01-13 01:48:00,25,,"RNEC-SCDPM-01","Average CPU Load (%)",2022-01-13 01:48:00,2,,
"RNEC-SCDPM-01","Minimum CPU Load (%)",2022-01-14 02:48:00,0,,"RNEC-SCDPM-01","Peak CPU Load (%)",2022-01-14 02:48:00,19,,"RNEC-SCDPM-01","Average CPU Load (%)",2022-01-14 02:48:00,2,,
"RNEC-SCDPM-01","Minimum CPU Load (%)",2022-01-15 03:48:00,0,,"RNEC-SCDPM-01","Peak CPU Load (%)",2022-01-15 03:48:00,18,,"RNEC-SCDPM-01","Average CPU Load (%)",2022-01-15 03:48:00,2,,
"RNEC-SCDPM-01","Minimum CPU Load (%)",2022-01-16 04:48:00,0,,"RNEC-SCDPM-01","Peak CPU Load (%)",2022-01-16 04:48:00,29,,"RNEC-SCDPM-01","Average CPU Load (%)",2022-01-16 04:48:00,2,,
"RNEC-SCDPM-01","Minimum CPU Load (%)",2022-01-17 05:48:00,0,,"RNEC-SCDPM-01","Peak CPU Load (%)",2022-01-17 05:48:00,32,,"RNEC-SCDPM-01","Average CPU Load (%)",2022-01-17 05:48:00,2,,
"RNEC-SCDPM-01","Minimum CPU Load (%)",2022-01-18 00:33:00,0,,"RNEC-SCDPM-01","Peak CPU Load (%)",2022-01-18 00:33:00,13,,"RNEC-SCDPM-01","Average CPU Load (%)",2022-01-18 00:33:00,4,,
"RNEC-SCDPM-01","Minimum CPU Load (%)",2022-01-18 06:48:00,0,,"RNEC-SCDPM-01","Peak CPU Load (%)",2022-01-18 06:48:00,13,,"RNEC-SCDPM-01","Average CPU Load (%)",2022-01-18 06:48:00,2.8333333333333335,,
"RNEC-SCDPM-01","Minimum CPU Load (%)",2022-01-18 13:03:00,0,,"RNEC-SCDPM-01","Peak CPU Load (%)",2022-01-18 13:03:00,12,,"RNEC-SCDPM-01","Average CPU Load (%)",2022-01-18 13:03:00,2.5714285714285716,,
"RNEC-SCDPM-01","Minimum CPU Load (%)",2022-01-18 19:18:00,0,,"RNEC-SCDPM-01","Peak CPU Load (%)",2022-01-18 19:18:00,23,,"RNEC-SCDPM-01","Average CPU Load (%)",2022-01-18 19:18:00,2.8333333333333335,,
"RNEC-SCDPM-01","Minimum CPU Load (%)",2022-01-19 01:33:00,0,,"RNEC-SCDPM-01","Peak CPU Load (%)",2022-01-19 01:33:00,19,,"RNEC-SCDPM-01","Average CPU Load (%)",2022-01-19 01:33:00,2.3333333333333335,,
"RNEC-SCDPM-01","Minimum CPU Load (%)",2022-01-19 07:48:00,0,,"RNEC-SCDPM-01","Peak CPU Load (%)",2022-01-19 07:48:00,13,,"RNEC-SCDPM-01","Average CPU Load (%)",2022-01-19 07:48:00,2.1666666666666665,,
"RNEC-SCDPM-01","Minimum CPU Load (%)",2022-01-19 14:03:00,0,,"RNEC-SCDPM-01","Peak CPU Load (%)",2022-01-19 14:03:00,18,,"RNEC-SCDPM-01","Average CPU Load (%)",2022-01-19 14:03:00,2.7142857142857144,,
"RNEC-SCDPM-01","Minimum CPU Load (%)",2022-01-19 20:18:00,0,,"RNEC-SCDPM-01","Peak CPU Load (%)",2022-01-19 20:18:00,13,,"RNEC-SCDPM-01","Average CPU Load (%)",2022-01-19 20:18:00,2,,
"RNEC-SCDPM-01","Minimum CPU Load (%)",2022-01-20 02:33:00,0,,"RNEC-SCDPM-01","Peak CPU Load (%)",2022-01-20 02:33:00,25,,"RNEC-SCDPM-01","Average CPU Load (%)",2022-01-20 02:33:00,4,,
"RNEC-SCDPM-01","Minimum CPU Load (%)",2022-01-20 08:48:00,0,,"RNEC-SCDPM-01","Peak CPU Load (%)",2022-01-20 08:48:00,20,,"RNEC-SCDPM-01","Average CPU Load (%)",2022-01-20 08:48:00,1.8857142857142857,,
"RNEC-SCDPM-01","Minimum CPU Load (%)",2022-01-20 15:03:00,0,,"RNEC-SCDPM-01","Peak CPU Load (%)",2022-01-20 15:03:00,15,,"RNEC-SCDPM-01","Average CPU Load (%)",2022-01-20 15:03:00,2.857142857142857,,
"RNEC-SCDPM-01","Minimum CPU Load (%)",2022-01-20 21:18:00,0,,"RNEC-SCDPM-01","Peak CPU Load (%)",2022-01-20 21:18:00,18,,"RNEC-SCDPM-01","Average CPU Load (%)",2022-01-20 21:18:00,3.6666666666666665,,
"RNEC-SCDPM-01","Minimum CPU Load (%)",2022-01-21 03:33:00,0,,"RNEC-SCDPM-01","Peak CPU Load (%)",2022-01-21 03:33:00,22,,"RNEC-SCDPM-01","Average CPU Load (%)",2022-01-21 03:33:00,2.6666666666666665,,
"RNEC-SCDPM-01","Minimum CPU Load (%)",2022-01-21 09:48:00,0,,"RNEC-SCDPM-01","Peak CPU Load (%)",2022-01-21 09:48:00,17,,"RNEC-SCDPM-01","Average CPU Load (%)",2022-01-21 09:48:00,2.3333333333333335,,
"RNEC-SCDPM-01","Minimum CPU Load (%)",2022-01-21 16:03:00,0,,"RNEC-SCDPM-01","Peak CPU Load (%)",2022-01-21 16:03:00,20,,"RNEC-SCDPM-01","Average CPU Load (%)",2022-01-21 16:03:00,2.857142857142857,,
"RNEC-SCDPM-01","Minimum CPU Load (%)",2022-01-21 22:18:00,0,,"RNEC-SCDPM-01","Peak CPU Load (%)",2022-01-21 22:18:00,18,,"RNEC-SCDPM-01","Average CPU Load (%)",2022-01-21 22:18:00,1.6666666666666667,,
"RNEC-SCDPM-01","Minimum CPU Load (%)",2022-01-22 04:33:00,0,,"RNEC-SCDPM-01","Peak CPU Load (%)",2022-01-22 04:33:00,22,,"RNEC-SCDPM-01","Average CPU Load (%)",2022-01-22 04:33:00,2.6666666666666665,,
"RNEC-SCDPM-01","Minimum CPU Load (%)",2022-01-22 10:48:00,0,,"RNEC-SCDPM-01","Peak CPU Load (%)",2022-01-22 10:48:00,18,,"RNEC-SCDPM-01","Average CPU Load (%)",2022-01-22 10:48:00,2.1666666666666665,,
"RNEC-SCDPM-01","Minimum CPU Load (%)",2022-01-22 17:03:00,0,,"RNEC-SCDPM-01","Peak CPU Load (%)",2022-01-22 17:03:00,22,,"RNEC-SCDPM-01","Average CPU Load (%)",2022-01-22 17:03:00,2.857142857142857,,
"RNEC-SCDPM-01","Minimum CPU Load (%)",2022-01-22 23:18:00,0,,"RNEC-SCDPM-01","Peak CPU Load (%)",2022-01-22 23:18:00,23,,"RNEC-SCDPM-01","Average CPU Load (%)",2022-01-22 23:18:00,2.1666666666666665,,
"RNEC-SCDPM-01","Minimum CPU Load (%)",2022-01-23 05:33:00,0,,"RNEC-SCDPM-01","Peak CPU Load (%)",2022-01-23 05:33:00,24,,"RNEC-SCDPM-01","Average CPU Load (%)",2022-01-23 05:33:00,6.666666666666667,,
"RNEC-SCDPM-01","Minimum CPU Load (%)",2022-01-23 11:48:00,0,,"RNEC-SCDPM-01","Peak CPU Load (%)",2022-01-23 11:48:00,22,,"RNEC-SCDPM-01","Average CPU Load (%)",2022-01-23 11:48:00,3,,
"RNEC-SCDPM-01","Minimum CPU Load (%)",2022-01-23 18:03:00,0,,"RNEC-SCDPM-01","Peak CPU Load (%)",2022-01-23 18:03:00,15,,"RNEC-SCDPM-01","Average CPU Load (%)",2022-01-23 18:03:00,2.2857142857142856,,
"RNEC-SCDPM-01","Minimum CPU Load (%)",2022-01-24 00:18:00,0,,"RNEC-SCDPM-01","Peak CPU Load (%)",2022-01-24 00:18:00,16,,"RNEC-SCDPM-01","Average CPU Load (%)",2022-01-24 00:18:00,3.1666666666666665,,
"RNEC-SCDPM-01","Minimum CPU Load (%)",2022-01-24 06:33:00,0,,"RNEC-SCDPM-01","Peak CPU Load (%)",2022-01-24 06:33:00,88,,"RNEC-SCDPM-01","Average CPU Load (%)",2022-01-24 06:33:00,4.5,,
"RNEC-SCDPM-01","Minimum CPU Load (%)",2022-01-24 12:48:00,0,,"RNEC-SCDPM-01","Peak CPU Load (%)",2022-01-24 12:48:00,19,,"RNEC-SCDPM-01","Average CPU Load (%)",2022-01-24 12:48:00,2,,
"RNEC-SCDPM-01","Minimum CPU Load (%)",2022-01-24 19:03:00,0,,"RNEC-SCDPM-01","Peak CPU Load (%)",2022-01-24 19:03:00,15,,"RNEC-SCDPM-01","Average CPU Load (%)",2022-01-24 19:03:00,2.5714285714285716,,
"RNEC-SCDPM-01","Minimum CPU Load (%)",2022-01-25 01:18:00,0,,"RNEC-SCDPM-01","Peak CPU Load (%)",2022-01-25 01:18:00,13,,"RNEC-SCDPM-01","Average CPU Load (%)",2022-01-25 01:18:00,2.4242424242424243,,
"RNEC-SCDPM-01","Minimum CPU Load (%)",2022-01-25 07:33:00,0,,"RNEC-SCDPM-01","Peak CPU Load (%)",2022-01-25 07:33:00,23,,"RNEC-SCDPM-01","Average CPU Load (%)",2022-01-25 07:33:00,2.6666666666666665,,
"RNEC-SCDPM-01","Minimum CPU Load (%)",2022-01-25 13:48:00,0,,"RNEC-SCDPM-01","Peak CPU Load (%)",2022-01-25 13:48:00,26,,"RNEC-SCDPM-01","Average CPU Load (%)",2022-01-25 13:48:00,4,,
"RNEC-SCDPM-01","Minimum CPU Load (%)",2022-01-25 20:03:00,0,,"RNEC-SCDPM-01","Peak CPU Load (%)",2022-01-25 20:03:00,18,,"RNEC-SCDPM-01","Average CPU Load (%)",2022-01-25 20:03:00,3.7142857142857144,,
"RNEC-SCDPM-01","Minimum CPU Load (%)",2022-01-26 02:18:00,0,,"RNEC-SCDPM-01","Peak CPU Load (%)",2022-01-26 02:18:00,21,,"RNEC-SCDPM-01","Average CPU Load (%)",2022-01-26 02:18:00,3.5714285714285716,,
"RNEC-SCDPM-01","Minimum CPU Load (%)",2022-01-26 08:33:00,0,,"RNEC-SCDPM-01","Peak CPU Load (%)",2022-01-26 08:33:00,21,,"RNEC-SCDPM-01","Average CPU Load (%)",2022-01-26 08:33:00,2.057142857142857,,
"RNEC-SCDPM-01","Minimum CPU Load (%)",2022-01-26 14:48:00,0,,"RNEC-SCDPM-01","Peak CPU Load (%)",2022-01-26 14:48:00,23,,"RNEC-SCDPM-01","Average CPU Load (%)",2022-01-26 14:48:00,3,,
"RNEC-SCDPM-01","Minimum CPU Load (%)",2022-01-26 21:03:00,0,,"RNEC-SCDPM-01","Peak CPU Load (%)",2022-01-26 21:03:00,17,,"RNEC-SCDPM-01","Average CPU Load (%)",2022-01-26 21:03:00,2.857142857142857,,
"RNEC-SCDPM-01","Minimum CPU Load (%)",2022-01-27 03:18:00,0,,"RNEC-SCDPM-01","Peak CPU Load (%)",2022-01-27 03:18:00,20,,"RNEC-SCDPM-01","Average CPU Load (%)",2022-01-27 03:18:00,3.1666666666666665,,
"RNEC-SCDPM-01","Minimum CPU Load (%)",2022-01-27 09:33:00,0,,"RNEC-SCDPM-01","Peak CPU Load (%)",2022-01-27 09:33:00,16,,"RNEC-SCDPM-01","Average CPU Load (%)",2022-01-27 09:33:00,2,,
"RNEC-SCDPM-01","Minimum CPU Load (%)",2022-01-27 15:48:00,0,,"RNEC-SCDPM-01","Peak CPU Load (%)",2022-01-27 15:48:00,16,,"RNEC-SCDPM-01","Average CPU Load (%)",2022-01-27 15:48:00,2,,
"RNEC-SCDPM-01","Minimum CPU Load (%)",2022-01-27 22:03:00,0,,"RNEC-SCDPM-01","Peak CPU Load (%)",2022-01-27 22:03:00,19,,"RNEC-SCDPM-01","Average CPU Load (%)",2022-01-27 22:03:00,3.7142857142857144,,
"RNEC-SCDPM-01","Minimum CPU Load (%)",2022-01-28 04:18:00,0,,"RNEC-SCDPM-01","Peak CPU Load (%)",2022-01-28 04:18:00,18,,"RNEC-SCDPM-01","Average CPU Load (%)",2022-01-28 04:18:00,2.3333333333333335,,
"RNEC-SCDPM-01","Minimum CPU Load (%)",2022-01-28 10:33:00,0,,"RNEC-SCDPM-01","Peak CPU Load (%)",2022-01-28 10:33:00,6,,"RNEC-SCDPM-01","Average CPU Load (%)",2022-01-28 10:33:00,2.1666666666666665,,
"RNEC-SCDPM-01","Minimum CPU Load (%)",2022-01-28 16:48:00,0,,"RNEC-SCDPM-01","Peak CPU Load (%)",2022-01-28 16:48:00,20,,"RNEC-SCDPM-01","Average CPU Load (%)",2022-01-28 16:48:00,2.6666666666666665,,
"RNEC-SCDPM-01","Minimum CPU Load (%)",2022-01-28 23:03:00,0,,"RNEC-SCDPM-01","Peak CPU Load (%)",2022-01-28 23:03:00,21,,"RNEC-SCDPM-01","Average CPU Load (%)",2022-01-28 23:03:00,3.4285714285714284,,
"RNEC-SCDPM-01","Minimum CPU Load (%)",2022-01-29 05:18:00,0,,"RNEC-SCDPM-01","Peak CPU Load (%)",2022-01-29 05:18:00,13,,"RNEC-SCDPM-01","Average CPU Load (%)",2022-01-29 05:18:00,2.1666666666666665,,
"RNEC-SCDPM-01","Minimum CPU Load (%)",2022-01-29 11:33:00,0,,"RNEC-SCDPM-01","Peak CPU Load (%)",2022-01-29 11:33:00,15,,"RNEC-SCDPM-01","Average CPU Load (%)",2022-01-29 11:33:00,1.1666666666666667,,
"RNEC-SCDPM-01","Minimum CPU Load (%)",2022-01-29 17:48:00,0,,"RNEC-SCDPM-01","Peak CPU Load (%)",2022-01-29 17:48:00,27,,"RNEC-SCDPM-01","Average CPU Load (%)",2022-01-29 17:48:00,4.833333333333333,,
"RNEC-SCDPM-01","Minimum CPU Load (%)",2022-01-30 00:03:00,0,,"RNEC-SCDPM-01","Peak CPU Load (%)",2022-01-30 00:03:00,12,,"RNEC-SCDPM-01","Average CPU Load (%)",2022-01-30 00:03:00,2.35,,
"RNEC-SCDPM-01","Minimum CPU Load (%)",2022-01-30 06:18:00,0,,"RNEC-SCDPM-01","Peak CPU Load (%)",2022-01-30 06:18:00,7,,"RNEC-SCDPM-01","Average CPU Load (%)",2022-01-30 06:18:00,2,,
"RNEC-SCDPM-01","Minimum CPU Load (%)",2022-01-30 12:33:00,0,,"RNEC-SCDPM-01","Peak CPU Load (%)",2022-01-30 12:33:00,19,,"RNEC-SCDPM-01","Average CPU Load (%)",2022-01-30 12:33:00,3.3333333333333335,,
"RNEC-SCDPM-01","Minimum CPU Load (%)",2022-01-30 18:48:00,0,,"RNEC-SCDPM-01","Peak CPU Load (%)",2022-01-30 18:48:00,11,,"RNEC-SCDPM-01","Average CPU Load (%)",2022-01-30 18:48:00,2.1666666666666665,,
"RNEC-SCDPM-01","Minimum CPU Load (%)",2022-01-31 01:03:00,0,,"RNEC-SCDPM-01","Peak CPU Load (%)",2022-01-31 01:03:00,20,,"RNEC-SCDPM-01","Average CPU Load (%)",2022-01-31 01:03:00,3.5714285714285716,,
"RNEC-SCDPM-01","Minimum CPU Load (%)",2022-01-31 07:18:00,0,,"RNEC-SCDPM-01","Peak CPU Load (%)",2022-01-31 07:18:00,21,,"RNEC-SCDPM-01","Average CPU Load (%)",2022-01-31 07:18:00,4,,
"RNEC-SCDPM-01","Minimum CPU Load (%)",2022-01-31 13:33:00,0,,"RNEC-SCDPM-01","Peak CPU Load (%)",2022-01-31 13:33:00,27,,"RNEC-SCDPM-01","Average CPU Load (%)",2022-01-31 13:33:00,2.6666666666666665,,
"RNEC-SCDPM-01","Minimum CPU Load (%)",2022-01-31 19:48:00,0,,"RNEC-SCDPM-01","Peak CPU Load (%)",2022-01-31 19:48:00,22,,"RNEC-SCDPM-01","Average CPU Load (%)",2022-01-31 19:48:00,2.8333333333333335,,
"RNEC-SCDPM-01","Minimum CPU Load (%)",2022-02-01 02:03:00,0,,"RNEC-SCDPM-01","Peak CPU Load (%)",2022-02-01 02:03:00,21,,"RNEC-SCDPM-01","Average CPU Load (%)",2022-02-01 02:03:00,2.4285714285714284,,
"RNEC-SCDPM-01","Minimum CPU Load (%)",2022-02-01 08:18:00,0,,"RNEC-SCDPM-01","Peak CPU Load (%)",2022-02-01 08:18:00,16,,"RNEC-SCDPM-01","Average CPU Load (%)",2022-02-01 08:18:00,2.6666666666666665,,
"RNEC-SCDPM-01","Minimum CPU Load (%)",2022-02-01 14:33:00,0,,"RNEC-SCDPM-01","Peak CPU Load (%)",2022-02-01 14:33:00,23,,"RNEC-SCDPM-01","Average CPU Load (%)",2022-02-01 14:33:00,5.5,,
"RNEC-SCDPM-01","Minimum CPU Load (%)",2022-02-01 20:48:00,0,,"RNEC-SCDPM-01","Peak CPU Load (%)",2022-02-01 20:48:00,20,,"RNEC-SCDPM-01","Average CPU Load (%)",2022-02-01 20:48:00,4.333333333333333,,
"RNEC-SCDPM-01","Minimum CPU Load (%)",2022-02-02 03:03:00,0,,"RNEC-SCDPM-01","Peak CPU Load (%)",2022-02-02 03:03:00,18,,"RNEC-SCDPM-01","Average CPU Load (%)",2022-02-02 03:03:00,3.142857142857143,,
"RNEC-SCDPM-01","Minimum CPU Load (%)",2022-02-02 09:18:00,0,,"RNEC-SCDPM-01","Peak CPU Load (%)",2022-02-02 09:18:00,17,,"RNEC-SCDPM-01","Average CPU Load (%)",2022-02-02 09:18:00,2.3333333333333335,,
"RNEC-SCDPM-01","Minimum CPU Load (%)",2022-02-02 15:33:00,0,,"RNEC-SCDPM-01","Peak CPU Load (%)",2022-02-02 15:33:00,26,,"RNEC-SCDPM-01","Average CPU Load (%)",2022-02-02 15:33:00,3.6666666666666665,,
"RNEC-SCDPM-01","Minimum CPU Load (%)",2022-02-02 21:48:00,0,,"RNEC-SCDPM-01","Peak CPU Load (%)",2022-02-02 21:48:00,19,,"RNEC-SCDPM-01","Average CPU Load (%)",2022-02-02 21:48:00,3,,
"RNEC-SCDPM-01","Minimum CPU Load (%)",2022-02-03 04:03:00,0,,"RNEC-SCDPM-01","Peak CPU Load (%)",2022-02-03 04:03:00,20,,"RNEC-SCDPM-01","Average CPU Load (%)",2022-02-03 04:03:00,2.2857142857142856,,
"RNEC-SCDPM-01","Minimum CPU Load (%)",2022-02-03 10:18:00,0,,"RNEC-SCDPM-01","Peak CPU Load (%)",2022-02-03 10:18:00,16,,"RNEC-SCDPM-01","Average CPU Load (%)",2022-02-03 10:18:00,2,,
"RNEC-SCDPM-01","Minimum CPU Load (%)",2022-02-03 16:33:00,0,,"RNEC-SCDPM-01","Peak CPU Load (%)",2022-02-03 16:33:00,26,,"RNEC-SCDPM-01","Average CPU Load (%)",2022-02-03 16:33:00,3,,
"RNEC-SCDPM-01","Minimum CPU Load (%)",2022-02-03 22:48:00,0,,"RNEC-SCDPM-01","Peak CPU Load (%)",2022-02-03 22:48:00,20,,"RNEC-SCDPM-01","Average CPU Load (%)",2022-02-03 22:48:00,2,,
"RNEC-SCDPM-01","Minimum CPU Load (%)",2022-02-04 05:03:00,0,,"RNEC-SCDPM-01","Peak CPU Load (%)",2022-02-04 05:03:00,24,,"RNEC-SCDPM-01","Average CPU Load (%)",2022-02-04 05:03:00,3.5714285714285716,,
"RNEC-SCDPM-01","Minimum CPU Load (%)",2022-02-04 11:18:00,0,,"RNEC-SCDPM-01","Peak CPU Load (%)",2022-02-04 11:18:00,20,,"RNEC-SCDPM-01","Average CPU Load (%)",2022-02-04 11:18:00,3.8333333333333335,,
"RNEC-SCDPM-01","Minimum CPU Load (%)",2022-02-04 17:33:00,0,,"RNEC-SCDPM-01","Peak CPU Load (%)",2022-02-04 17:33:00,33,,"RNEC-SCDPM-01","Average CPU Load (%)",2022-02-04 17:33:00,4.166666666666667,,
"RNEC-SCDPM-01","Minimum CPU Load (%)",2022-02-04 23:48:00,0,,"RNEC-SCDPM-01","Peak CPU Load (%)",2022-02-04 23:48:00,28,,"RNEC-SCDPM-01","Average CPU Load (%)",2022-02-04 23:48:00,3.5,,
"RNEC-SCDPM-01","Minimum CPU Load (%)",2022-02-05 06:03:00,0,,"RNEC-SCDPM-01","Peak CPU Load (%)",2022-02-05 06:03:00,15,,"RNEC-SCDPM-01","Average CPU Load (%)",2022-02-05 06:03:00,3.4285714285714284,,
"RNEC-SCDPM-01","Minimum CPU Load (%)",2022-02-05 12:18:00,0,,"RNEC-SCDPM-01","Peak CPU Load (%)",2022-02-05 12:18:00,16,,"RNEC-SCDPM-01","Average CPU Load (%)",2022-02-05 12:18:00,3,,
"RNEC-SCDPM-01","Minimum CPU Load (%)",2022-02-05 18:33:00,0,,"RNEC-SCDPM-01","Peak CPU Load (%)",2022-02-05 18:33:00,12,,"RNEC-SCDPM-01","Average CPU Load (%)",2022-02-05 18:33:00,3,,
"RNEC-SCDPM-01","Minimum CPU Load (%)",2022-02-06 00:48:00,0,,"RNEC-SCDPM-01","Peak CPU Load (%)",2022-02-06 00:48:00,18,,"RNEC-SCDPM-01","Average CPU Load (%)",2022-02-06 00:48:00,3.1666666666666665,,
"RNEC-SCDPM-01","Minimum CPU Load (%)",2022-02-06 07:03:00,0,,"RNEC-SCDPM-01","Peak CPU Load (%)",2022-02-06 07:03:00,25,,"RNEC-SCDPM-01","Average CPU Load (%)",2022-02-06 07:03:00,4.142857142857143,,
"RNEC-SCDPM-01","Minimum CPU Load (%)",2022-02-06 13:18:00,0,,"RNEC-SCDPM-01","Peak CPU Load (%)",2022-02-06 13:18:00,21,,"RNEC-SCDPM-01","Average CPU Load (%)",2022-02-06 13:18:00,3.3333333333333335,,
"RNEC-SCDPM-01","Minimum CPU Load (%)",2022-02-06 19:33:00,0,,"RNEC-SCDPM-01","Peak CPU Load (%)",2022-02-06 19:33:00,18,,"RNEC-SCDPM-01","Average CPU Load (%)",2022-02-06 19:33:00,4.166666666666667,,
"RNEC-SCDPM-01","Minimum CPU Load (%)",2022-02-07 01:48:00,0,,"RNEC-SCDPM-01","Peak CPU Load (%)",2022-02-07 01:48:00,23,,"RNEC-SCDPM-01","Average CPU Load (%)",2022-02-07 01:48:00,2.8333333333333335,,
"RNEC-SCDPM-01","Minimum CPU Load (%)",2022-02-07 08:03:00,0,,"RNEC-SCDPM-01","Peak CPU Load (%)",2022-02-07 08:03:00,20,,"RNEC-SCDPM-01","Average CPU Load (%)",2022-02-07 08:03:00,3.4285714285714284,,
"RNEC-SCDPM-01","Minimum CPU Load (%)",2022-02-07 14:18:00,0,,"RNEC-SCDPM-01","Peak CPU Load (%)",2022-02-07 14:18:00,24,,"RNEC-SCDPM-01","Average CPU Load (%)",2022-02-07 14:18:00,2.5,,
"RNEC-SCDPM-01","Minimum CPU Load (%)",2022-02-07 20:33:00,0,,"RNEC-SCDPM-01","Peak CPU Load (%)",2022-02-07 20:33:00,14,,"RNEC-SCDPM-01","Average CPU Load (%)",2022-02-07 20:33:00,2.8333333333333335,,
"RNEC-SCDPM-01","Minimum CPU Load (%)",2022-02-08 02:48:00,0,,"RNEC-SCDPM-01","Peak CPU Load (%)",2022-02-08 02:48:00,26,,"RNEC-SCDPM-01","Average CPU Load (%)",2022-02-08 02:48:00,3.8333333333333335,,
"RNEC-SCDPM-01","Minimum CPU Load (%)",2022-02-08 09:03:00,0,,"RNEC-SCDPM-01","Peak CPU Load (%)",2022-02-08 09:03:00,18,,"RNEC-SCDPM-01","Average CPU Load (%)",2022-02-08 09:03:00,3.4285714285714284,,
"RNEC-SCDPM-01","Minimum CPU Load (%)",2022-02-08 15:18:00,0,,"RNEC-SCDPM-01","Peak CPU Load (%)",2022-02-08 15:18:00,32,,"RNEC-SCDPM-01","Average CPU Load (%)",2022-02-08 15:18:00,4,,
"RNEC-SCDPM-01","Minimum CPU Load (%)",2022-02-08 21:33:00,0,,"RNEC-SCDPM-01","Peak CPU Load (%)",2022-02-08 21:33:00,25,,"RNEC-SCDPM-01","Average CPU Load (%)",2022-02-08 21:33:00,3.057142857142857,,
"RNEC-SCDPM-01","Minimum CPU Load (%)",2022-02-09 03:48:00,0,,"RNEC-SCDPM-01","Peak CPU Load (%)",2022-02-09 03:48:00,18,,"RNEC-SCDPM-01","Average CPU Load (%)",2022-02-09 03:48:00,4,,
"RNEC-SCDPM-01","Minimum CPU Load (%)",2022-02-09 10:03:00,0,,"RNEC-SCDPM-01","Peak CPU Load (%)",2022-02-09 10:03:00,41,,"RNEC-SCDPM-01","Average CPU Load (%)",2022-02-09 10:03:00,6.285714285714286,,
"RNEC-SCDPM-01","Minimum CPU Load (%)",2022-02-09 16:18:00,0,,"RNEC-SCDPM-01","Peak CPU Load (%)",2022-02-09 16:18:00,26,,"RNEC-SCDPM-01","Average CPU Load (%)",2022-02-09 16:18:00,3.5,,
"RNEC-SCDPM-01","Minimum CPU Load (%)",2022-02-09 22:33:00,0,,"RNEC-SCDPM-01","Peak CPU Load (%)",2022-02-09 22:33:00,25,,"RNEC-SCDPM-01","Average CPU Load (%)",2022-02-09 22:33:00,5.166666666666667,,
"RNEC-SCDPM-01","Minimum CPU Load (%)",2022-02-10 04:48:00,0,,"RNEC-SCDPM-01","Peak CPU Load (%)",2022-02-10 04:48:00,38,,"RNEC-SCDPM-01","Average CPU Load (%)",2022-02-10 04:48:00,7.714285714285714,,
"RNEC-SCDPM-01","Minimum CPU Load (%)",2022-02-10 11:03:00,0,,"RNEC-SCDPM-01","Peak CPU Load (%)",2022-02-10 11:03:00,23,,"RNEC-SCDPM-01","Average CPU Load (%)",2022-02-10 11:03:00,6.108108108108108,,
"RNEC-SCDPM-01","Minimum CPU Load (%)",2022-02-10 17:18:00,0,,"RNEC-SCDPM-01","Peak CPU Load (%)",2022-02-10 17:18:00,41,,"RNEC-SCDPM-01","Average CPU Load (%)",2022-02-10 17:18:00,6.315789473684211,,
"RNEC-SCDPM-01","Minimum CPU Load (%)",2022-02-10 23:33:00,0,,"RNEC-SCDPM-01","Peak CPU Load (%)",2022-02-10 23:33:00,17,,"RNEC-SCDPM-01","Average CPU Load (%)",2022-02-10 23:33:00,4.162162162162162,,
"RNEC-SCDPM-01","Minimum CPU Load (%)",2022-02-11 05:48:00,0,,"RNEC-SCDPM-01","Peak CPU Load (%)",2022-02-11 05:48:00,27,,"RNEC-SCDPM-01","Average CPU Load (%)",2022-02-11 05:48:00,4.2631578947368425,,
"RNEC-SCDPM-01","Minimum CPU Load (%)",2022-02-11 12:03:00,0,,"RNEC-SCDPM-01","Peak CPU Load (%)",2022-02-11 12:03:00,20,,"RNEC-SCDPM-01","Average CPU Load (%)",2022-02-11 12:03:00,4.162162162162162,,
"RNEC-SCDPM-01","Minimum CPU Load (%)",2022-02-11 18:18:00,0,,"RNEC-SCDPM-01","Peak CPU Load (%)",2022-02-11 18:18:00,29,,"RNEC-SCDPM-01","Average CPU Load (%)",2022-02-11 18:18:00,6.0588235294117645,,
"RNEC-SCDPM-01","Minimum CPU Load (%)",2022-02-12 00:33:00,0,,"RNEC-SCDPM-01","Peak CPU Load (%)",2022-02-12 00:33:00,43,,"RNEC-SCDPM-01","Average CPU Load (%)",2022-02-12 00:33:00,5.702702702702703,,
"RNEC-SCDPM-01","Minimum CPU Load (%)",2022-02-12 06:48:00,0,,"RNEC-SCDPM-01","Peak CPU Load (%)",2022-02-12 06:48:00,20,,"RNEC-SCDPM-01","Average CPU Load (%)",2022-02-12 06:48:00,3.4210526315789473,,
"RNEC-SCDPM-01","Minimum CPU Load (%)",2022-02-12 13:03:00,0,,"RNEC-SCDPM-01","Peak CPU Load (%)",2022-02-12 13:03:00,30,,"RNEC-SCDPM-01","Average CPU Load (%)",2022-02-12 13:03:00,4.324324324324325,,
"RNEC-SCDPM-01","Minimum CPU Load (%)",2022-02-12 19:18:00,0,,"RNEC-SCDPM-01","Peak CPU Load (%)",2022-02-12 19:18:00,32,,"RNEC-SCDPM-01","Average CPU Load (%)",2022-02-12 19:18:00,4.815789473684211,,
"RNEC-SCDPM-01","Minimum CPU Load (%)",2022-02-13 01:33:00,0,,"RNEC-SCDPM-01","Peak CPU Load (%)",2022-02-13 01:33:00,54,,"RNEC-SCDPM-01","Average CPU Load (%)",2022-02-13 01:33:00,5.135135135135135,,
"RNEC-SCDPM-01","Minimum CPU Load (%)",2022-02-13 07:48:00,0,,"RNEC-SCDPM-01","Peak CPU Load (%)",2022-02-13 07:48:00,47,,"RNEC-SCDPM-01","Average CPU Load (%)",2022-02-13 07:48:00,5.2894736842105265,,
"RNEC-SCDPM-01","Minimum CPU Load (%)",2022-02-13 14:03:00,0,,"RNEC-SCDPM-01","Peak CPU Load (%)",2022-02-13 14:03:00,13,,"RNEC-SCDPM-01","Average CPU Load (%)",2022-02-13 14:03:00,1.972972972972973,,
"RNEC-SCDPM-01","Minimum CPU Load (%)",2022-02-13 20:18:00,0,,"RNEC-SCDPM-01","Peak CPU Load (%)",2022-02-13 20:18:00,54,,"RNEC-SCDPM-01","Average CPU Load (%)",2022-02-13 20:18:00,5.447368421052632,,
"RNEC-SCDPM-01","Minimum CPU Load (%)",2022-02-14 02:33:00,0,,"RNEC-SCDPM-01","Peak CPU Load (%)",2022-02-14 02:33:00,18,,"RNEC-SCDPM-01","Average CPU Load (%)",2022-02-14 02:33:00,4.594594594594595,,
"RNEC-SCDPM-01","Minimum CPU Load (%)",2022-02-14 08:48:00,0,,"RNEC-SCDPM-01","Peak CPU Load (%)",2022-02-14 08:48:00,20,,"RNEC-SCDPM-01","Average CPU Load (%)",2022-02-14 08:48:00,4.421052631578948,,
"RNEC-SCDPM-01","Minimum CPU Load (%)",2022-02-14 15:03:00,0,,"RNEC-SCDPM-01","Peak CPU Load (%)",2022-02-14 15:03:00,42,,"RNEC-SCDPM-01","Average CPU Load (%)",2022-02-14 15:03:00,8.81081081081081,,
"RNEC-SCDPM-01","Minimum CPU Load (%)",2022-02-14 21:18:00,0,,"RNEC-SCDPM-01","Peak CPU Load (%)",2022-02-14 21:18:00,38,,"RNEC-SCDPM-01","Average CPU Load (%)",2022-02-14 21:18:00,6.157894736842105,,
"RNEC-SCDPM-01","Minimum CPU Load (%)",2022-02-15 03:33:00,0,,"RNEC-SCDPM-01","Peak CPU Load (%)",2022-02-15 03:33:00,21,,"RNEC-SCDPM-01","Average CPU Load (%)",2022-02-15 03:33:00,4.891891891891892,,
"RNEC-SCDPM-01","Minimum CPU Load (%)",2022-02-15 09:48:00,0,,"RNEC-SCDPM-01","Peak CPU Load (%)",2022-02-15 09:48:00,32,,"RNEC-SCDPM-01","Average CPU Load (%)",2022-02-15 09:48:00,6.605263157894737,,
"RNEC-SCDPM-01","Minimum CPU Load (%)",2022-02-15 16:03:00,0,,"RNEC-SCDPM-01","Peak CPU Load (%)",2022-02-15 16:03:00,29,,"RNEC-SCDPM-01","Average CPU Load (%)",2022-02-15 16:03:00,4.378378378378378,,

