"New Analysis Project","=HYPERLINK(""https://solarwinds.une.com.co/ui/perfstack/?charts=0_Orion.Nodes_12823-Orion.CPULoad.MinLoad,0_Orion.Nodes_12823-Orion.CPULoad.MaxLoad,0_Orion.Nodes_12823-Orion.CPULoad.AvgLoad;&startTime=2021-12-15T10:11:00.000Z&endTime=2022-02-15T22:11:00.000Z"")"
Start,2021-12-15 05:11:00,End,2022-02-15 17:11:00

"Custom Chart"
Entity,Metric,Date/Time,Value,,Entity,Metric,Date/Time,Value,,Entity,Metric,Date/Time,Value,
"RNEC-PTNEC-00","Minimum CPU Load (%)",2021-12-16 06:11:00,0,,"RNEC-PTNEC-00","Peak CPU Load (%)",2021-12-16 06:11:00,51,,"RNEC-PTNEC-00","Average CPU Load (%)",2021-12-16 06:11:00,8,,
"RNEC-PTNEC-00","Minimum CPU Load (%)",2021-12-17 00:56:00,0,,"RNEC-PTNEC-00","Peak CPU Load (%)",2021-12-17 00:56:00,51,,"RNEC-PTNEC-00","Average CPU Load (%)",2021-12-17 00:56:00,4,,
"RNEC-PTNEC-00","Minimum CPU Load (%)",2021-12-18 01:56:00,0,,"RNEC-PTNEC-00","Peak CPU Load (%)",2021-12-18 01:56:00,62,,"RNEC-PTNEC-00","Average CPU Load (%)",2021-12-18 01:56:00,4,,
"RNEC-PTNEC-00","Minimum CPU Load (%)",2021-12-19 02:56:00,0,,"RNEC-PTNEC-00","Peak CPU Load (%)",2021-12-19 02:56:00,31,,"RNEC-PTNEC-00","Average CPU Load (%)",2021-12-19 02:56:00,3,,
"RNEC-PTNEC-00","Minimum CPU Load (%)",2021-12-20 03:56:00,0,,"RNEC-PTNEC-00","Peak CPU Load (%)",2021-12-20 03:56:00,27,,"RNEC-PTNEC-00","Average CPU Load (%)",2021-12-20 03:56:00,3,,
"RNEC-PTNEC-00","Minimum CPU Load (%)",2021-12-21 04:56:00,0,,"RNEC-PTNEC-00","Peak CPU Load (%)",2021-12-21 04:56:00,37,,"RNEC-PTNEC-00","Average CPU Load (%)",2021-12-21 04:56:00,4,,
"RNEC-PTNEC-00","Minimum CPU Load (%)",2021-12-22 05:56:00,0,,"RNEC-PTNEC-00","Peak CPU Load (%)",2021-12-22 05:56:00,28,,"RNEC-PTNEC-00","Average CPU Load (%)",2021-12-22 05:56:00,4,,
"RNEC-PTNEC-00","Minimum CPU Load (%)",2021-12-23 00:41:00,0,,"RNEC-PTNEC-00","Peak CPU Load (%)",2021-12-23 00:41:00,58,,"RNEC-PTNEC-00","Average CPU Load (%)",2021-12-23 00:41:00,4,,
"RNEC-PTNEC-00","Minimum CPU Load (%)",2021-12-24 01:41:00,0,,"RNEC-PTNEC-00","Peak CPU Load (%)",2021-12-24 01:41:00,45,,"RNEC-PTNEC-00","Average CPU Load (%)",2021-12-24 01:41:00,5,,
"RNEC-PTNEC-00","Minimum CPU Load (%)",2021-12-25 02:41:00,0,,"RNEC-PTNEC-00","Peak CPU Load (%)",2021-12-25 02:41:00,27,,"RNEC-PTNEC-00","Average CPU Load (%)",2021-12-25 02:41:00,4,,
"RNEC-PTNEC-00","Minimum CPU Load (%)",2021-12-26 03:41:00,0,,"RNEC-PTNEC-00","Peak CPU Load (%)",2021-12-26 03:41:00,50,,"RNEC-PTNEC-00","Average CPU Load (%)",2021-12-26 03:41:00,4,,
"RNEC-PTNEC-00","Minimum CPU Load (%)",2021-12-27 04:41:00,0,,"RNEC-PTNEC-00","Peak CPU Load (%)",2021-12-27 04:41:00,50,,"RNEC-PTNEC-00","Average CPU Load (%)",2021-12-27 04:41:00,6,,
"RNEC-PTNEC-00","Minimum CPU Load (%)",2021-12-28 05:41:00,0,,"RNEC-PTNEC-00","Peak CPU Load (%)",2021-12-28 05:41:00,53,,"RNEC-PTNEC-00","Average CPU Load (%)",2021-12-28 05:41:00,8,,
"RNEC-PTNEC-00","Minimum CPU Load (%)",2021-12-29 00:26:00,0,,"RNEC-PTNEC-00","Peak CPU Load (%)",2021-12-29 00:26:00,49,,"RNEC-PTNEC-00","Average CPU Load (%)",2021-12-29 00:26:00,9,,
"RNEC-PTNEC-00","Minimum CPU Load (%)",2021-12-30 01:26:00,0,,"RNEC-PTNEC-00","Peak CPU Load (%)",2021-12-30 01:26:00,73,,"RNEC-PTNEC-00","Average CPU Load (%)",2021-12-30 01:26:00,4,,
"RNEC-PTNEC-00","Minimum CPU Load (%)",2021-12-31 02:26:00,0,,"RNEC-PTNEC-00","Peak CPU Load (%)",2021-12-31 02:26:00,64,,"RNEC-PTNEC-00","Average CPU Load (%)",2021-12-31 02:26:00,5,,
"RNEC-PTNEC-00","Minimum CPU Load (%)",2022-01-01 03:26:00,0,,"RNEC-PTNEC-00","Peak CPU Load (%)",2022-01-01 03:26:00,60,,"RNEC-PTNEC-00","Average CPU Load (%)",2022-01-01 03:26:00,12,,
"RNEC-PTNEC-00","Minimum CPU Load (%)",2022-01-02 04:26:00,0,,"RNEC-PTNEC-00","Peak CPU Load (%)",2022-01-02 04:26:00,59,,"RNEC-PTNEC-00","Average CPU Load (%)",2022-01-02 04:26:00,12,,
"RNEC-PTNEC-00","Minimum CPU Load (%)",2022-01-03 05:26:00,0,,"RNEC-PTNEC-00","Peak CPU Load (%)",2022-01-03 05:26:00,79,,"RNEC-PTNEC-00","Average CPU Load (%)",2022-01-03 05:26:00,12,,
"RNEC-PTNEC-00","Minimum CPU Load (%)",2022-01-04 00:11:00,0,,"RNEC-PTNEC-00","Peak CPU Load (%)",2022-01-04 00:11:00,57,,"RNEC-PTNEC-00","Average CPU Load (%)",2022-01-04 00:11:00,12,,
"RNEC-PTNEC-00","Minimum CPU Load (%)",2022-01-05 01:11:00,0,,"RNEC-PTNEC-00","Peak CPU Load (%)",2022-01-05 01:11:00,57,,"RNEC-PTNEC-00","Average CPU Load (%)",2022-01-05 01:11:00,13,,
"RNEC-PTNEC-00","Minimum CPU Load (%)",2022-01-06 02:11:00,0,,"RNEC-PTNEC-00","Peak CPU Load (%)",2022-01-06 02:11:00,79,,"RNEC-PTNEC-00","Average CPU Load (%)",2022-01-06 02:11:00,16,,
"RNEC-PTNEC-00","Minimum CPU Load (%)",2022-01-07 03:11:00,0,,"RNEC-PTNEC-00","Peak CPU Load (%)",2022-01-07 03:11:00,71,,"RNEC-PTNEC-00","Average CPU Load (%)",2022-01-07 03:11:00,20,,
"RNEC-PTNEC-00","Minimum CPU Load (%)",2022-01-08 04:11:00,0,,"RNEC-PTNEC-00","Peak CPU Load (%)",2022-01-08 04:11:00,66,,"RNEC-PTNEC-00","Average CPU Load (%)",2022-01-08 04:11:00,15,,
"RNEC-PTNEC-00","Minimum CPU Load (%)",2022-01-09 05:11:00,0,,"RNEC-PTNEC-00","Peak CPU Load (%)",2022-01-09 05:11:00,52,,"RNEC-PTNEC-00","Average CPU Load (%)",2022-01-09 05:11:00,9,,
"RNEC-PTNEC-00","Minimum CPU Load (%)",2022-01-10 06:11:00,0,,"RNEC-PTNEC-00","Peak CPU Load (%)",2022-01-10 06:11:00,81,,"RNEC-PTNEC-00","Average CPU Load (%)",2022-01-10 06:11:00,12,,
"RNEC-PTNEC-00","Minimum CPU Load (%)",2022-01-11 00:56:00,0,,"RNEC-PTNEC-00","Peak CPU Load (%)",2022-01-11 00:56:00,70,,"RNEC-PTNEC-00","Average CPU Load (%)",2022-01-11 00:56:00,13,,
"RNEC-PTNEC-00","Minimum CPU Load (%)",2022-01-12 01:56:00,0,,"RNEC-PTNEC-00","Peak CPU Load (%)",2022-01-12 01:56:00,62,,"RNEC-PTNEC-00","Average CPU Load (%)",2022-01-12 01:56:00,12,,
"RNEC-PTNEC-00","Minimum CPU Load (%)",2022-01-13 02:56:00,0,,"RNEC-PTNEC-00","Peak CPU Load (%)",2022-01-13 02:56:00,79,,"RNEC-PTNEC-00","Average CPU Load (%)",2022-01-13 02:56:00,14,,
"RNEC-PTNEC-00","Minimum CPU Load (%)",2022-01-14 03:56:00,0,,"RNEC-PTNEC-00","Peak CPU Load (%)",2022-01-14 03:56:00,56,,"RNEC-PTNEC-00","Average CPU Load (%)",2022-01-14 03:56:00,7,,
"RNEC-PTNEC-00","Minimum CPU Load (%)",2022-01-15 04:56:00,0,,"RNEC-PTNEC-00","Peak CPU Load (%)",2022-01-15 04:56:00,43,,"RNEC-PTNEC-00","Average CPU Load (%)",2022-01-15 04:56:00,4,,
"RNEC-PTNEC-00","Minimum CPU Load (%)",2022-01-16 05:56:00,0,,"RNEC-PTNEC-00","Peak CPU Load (%)",2022-01-16 05:56:00,40,,"RNEC-PTNEC-00","Average CPU Load (%)",2022-01-16 05:56:00,3,,
"RNEC-PTNEC-00","Minimum CPU Load (%)",2022-01-17 00:41:00,0,,"RNEC-PTNEC-00","Peak CPU Load (%)",2022-01-17 00:41:00,45,,"RNEC-PTNEC-00","Average CPU Load (%)",2022-01-17 00:41:00,4,,
"RNEC-PTNEC-00","Minimum CPU Load (%)",2022-01-18 01:41:00,0,,"RNEC-PTNEC-00","Peak CPU Load (%)",2022-01-18 01:41:00,21,,"RNEC-PTNEC-00","Average CPU Load (%)",2022-01-18 01:41:00,5.5,,
"RNEC-PTNEC-00","Minimum CPU Load (%)",2022-01-18 07:56:00,0,,"RNEC-PTNEC-00","Peak CPU Load (%)",2022-01-18 07:56:00,23,,"RNEC-PTNEC-00","Average CPU Load (%)",2022-01-18 07:56:00,4,,
"RNEC-PTNEC-00","Minimum CPU Load (%)",2022-01-18 14:11:00,0,,"RNEC-PTNEC-00","Peak CPU Load (%)",2022-01-18 14:11:00,91,,"RNEC-PTNEC-00","Average CPU Load (%)",2022-01-18 14:11:00,7,,
"RNEC-PTNEC-00","Minimum CPU Load (%)",2022-01-18 20:26:00,0,,"RNEC-PTNEC-00","Peak CPU Load (%)",2022-01-18 20:26:00,28,,"RNEC-PTNEC-00","Average CPU Load (%)",2022-01-18 20:26:00,4.833333333333333,,
"RNEC-PTNEC-00","Minimum CPU Load (%)",2022-01-19 02:41:00,0,,"RNEC-PTNEC-00","Peak CPU Load (%)",2022-01-19 02:41:00,27,,"RNEC-PTNEC-00","Average CPU Load (%)",2022-01-19 02:41:00,3.5,,
"RNEC-PTNEC-00","Minimum CPU Load (%)",2022-01-19 08:56:00,0,,"RNEC-PTNEC-00","Peak CPU Load (%)",2022-01-19 08:56:00,28,,"RNEC-PTNEC-00","Average CPU Load (%)",2022-01-19 08:56:00,4.333333333333333,,
"RNEC-PTNEC-00","Minimum CPU Load (%)",2022-01-19 15:11:00,0,,"RNEC-PTNEC-00","Peak CPU Load (%)",2022-01-19 15:11:00,45,,"RNEC-PTNEC-00","Average CPU Load (%)",2022-01-19 15:11:00,7.714285714285714,,
"RNEC-PTNEC-00","Minimum CPU Load (%)",2022-01-19 21:26:00,0,,"RNEC-PTNEC-00","Peak CPU Load (%)",2022-01-19 21:26:00,26,,"RNEC-PTNEC-00","Average CPU Load (%)",2022-01-19 21:26:00,4.166666666666667,,
"RNEC-PTNEC-00","Minimum CPU Load (%)",2022-01-20 03:41:00,0,,"RNEC-PTNEC-00","Peak CPU Load (%)",2022-01-20 03:41:00,15,,"RNEC-PTNEC-00","Average CPU Load (%)",2022-01-20 03:41:00,3.1666666666666665,,
"RNEC-PTNEC-00","Minimum CPU Load (%)",2022-01-20 09:56:00,0,,"RNEC-PTNEC-00","Peak CPU Load (%)",2022-01-20 09:56:00,28,,"RNEC-PTNEC-00","Average CPU Load (%)",2022-01-20 09:56:00,4.3428571428571425,,
"RNEC-PTNEC-00","Minimum CPU Load (%)",2022-01-20 16:11:00,0,,"RNEC-PTNEC-00","Peak CPU Load (%)",2022-01-20 16:11:00,54,,"RNEC-PTNEC-00","Average CPU Load (%)",2022-01-20 16:11:00,5.285714285714286,,
"RNEC-PTNEC-00","Minimum CPU Load (%)",2022-01-20 22:26:00,0,,"RNEC-PTNEC-00","Peak CPU Load (%)",2022-01-20 22:26:00,34,,"RNEC-PTNEC-00","Average CPU Load (%)",2022-01-20 22:26:00,4,,
"RNEC-PTNEC-00","Minimum CPU Load (%)",2022-01-21 04:41:00,0,,"RNEC-PTNEC-00","Peak CPU Load (%)",2022-01-21 04:41:00,34,,"RNEC-PTNEC-00","Average CPU Load (%)",2022-01-21 04:41:00,4,,
"RNEC-PTNEC-00","Minimum CPU Load (%)",2022-01-21 10:56:00,0,,"RNEC-PTNEC-00","Peak CPU Load (%)",2022-01-21 10:56:00,41,,"RNEC-PTNEC-00","Average CPU Load (%)",2022-01-21 10:56:00,7.166666666666667,,
"RNEC-PTNEC-00","Minimum CPU Load (%)",2022-01-21 17:11:00,0,,"RNEC-PTNEC-00","Peak CPU Load (%)",2022-01-21 17:11:00,40,,"RNEC-PTNEC-00","Average CPU Load (%)",2022-01-21 17:11:00,9.857142857142858,,
"RNEC-PTNEC-00","Minimum CPU Load (%)",2022-01-21 23:26:00,0,,"RNEC-PTNEC-00","Peak CPU Load (%)",2022-01-21 23:26:00,41,,"RNEC-PTNEC-00","Average CPU Load (%)",2022-01-21 23:26:00,5.833333333333333,,
"RNEC-PTNEC-00","Minimum CPU Load (%)",2022-01-22 05:41:00,0,,"RNEC-PTNEC-00","Peak CPU Load (%)",2022-01-22 05:41:00,31,,"RNEC-PTNEC-00","Average CPU Load (%)",2022-01-22 05:41:00,6.333333333333333,,
"RNEC-PTNEC-00","Minimum CPU Load (%)",2022-01-22 11:56:00,0,,"RNEC-PTNEC-00","Peak CPU Load (%)",2022-01-22 11:56:00,16,,"RNEC-PTNEC-00","Average CPU Load (%)",2022-01-22 11:56:00,3.3333333333333335,,
"RNEC-PTNEC-00","Minimum CPU Load (%)",2022-01-22 18:11:00,0,,"RNEC-PTNEC-00","Peak CPU Load (%)",2022-01-22 18:11:00,26,,"RNEC-PTNEC-00","Average CPU Load (%)",2022-01-22 18:11:00,4.142857142857143,,
"RNEC-PTNEC-00","Minimum CPU Load (%)",2022-01-23 00:26:00,0,,"RNEC-PTNEC-00","Peak CPU Load (%)",2022-01-23 00:26:00,24,,"RNEC-PTNEC-00","Average CPU Load (%)",2022-01-23 00:26:00,3.5,,
"RNEC-PTNEC-00","Minimum CPU Load (%)",2022-01-23 06:41:00,0,,"RNEC-PTNEC-00","Peak CPU Load (%)",2022-01-23 06:41:00,23,,"RNEC-PTNEC-00","Average CPU Load (%)",2022-01-23 06:41:00,3.3333333333333335,,
"RNEC-PTNEC-00","Minimum CPU Load (%)",2022-01-23 12:56:00,0,,"RNEC-PTNEC-00","Peak CPU Load (%)",2022-01-23 12:56:00,26,,"RNEC-PTNEC-00","Average CPU Load (%)",2022-01-23 12:56:00,2,,
"RNEC-PTNEC-00","Minimum CPU Load (%)",2022-01-23 19:11:00,0,,"RNEC-PTNEC-00","Peak CPU Load (%)",2022-01-23 19:11:00,26,,"RNEC-PTNEC-00","Average CPU Load (%)",2022-01-23 19:11:00,4.571428571428571,,
"RNEC-PTNEC-00","Minimum CPU Load (%)",2022-01-24 01:26:00,0,,"RNEC-PTNEC-00","Peak CPU Load (%)",2022-01-24 01:26:00,24,,"RNEC-PTNEC-00","Average CPU Load (%)",2022-01-24 01:26:00,2.6666666666666665,,
"RNEC-PTNEC-00","Minimum CPU Load (%)",2022-01-24 07:41:00,0,,"RNEC-PTNEC-00","Peak CPU Load (%)",2022-01-24 07:41:00,33,,"RNEC-PTNEC-00","Average CPU Load (%)",2022-01-24 07:41:00,3,,
"RNEC-PTNEC-00","Minimum CPU Load (%)",2022-01-24 13:56:00,0,,"RNEC-PTNEC-00","Peak CPU Load (%)",2022-01-24 13:56:00,30,,"RNEC-PTNEC-00","Average CPU Load (%)",2022-01-24 13:56:00,8.666666666666666,,
"RNEC-PTNEC-00","Minimum CPU Load (%)",2022-01-24 20:11:00,0,,"RNEC-PTNEC-00","Peak CPU Load (%)",2022-01-24 20:11:00,71,,"RNEC-PTNEC-00","Average CPU Load (%)",2022-01-24 20:11:00,16.142857142857142,,
"RNEC-PTNEC-00","Minimum CPU Load (%)",2022-01-25 02:26:00,0,,"RNEC-PTNEC-00","Peak CPU Load (%)",2022-01-25 02:26:00,95,,"RNEC-PTNEC-00","Average CPU Load (%)",2022-01-25 02:26:00,14.142857142857142,,
"RNEC-PTNEC-00","Minimum CPU Load (%)",2022-01-25 08:41:00,0,,"RNEC-PTNEC-00","Peak CPU Load (%)",2022-01-25 08:41:00,40,,"RNEC-PTNEC-00","Average CPU Load (%)",2022-01-25 08:41:00,10.833333333333334,,
"RNEC-PTNEC-00","Minimum CPU Load (%)",2022-01-25 14:56:00,0,,"RNEC-PTNEC-00","Peak CPU Load (%)",2022-01-25 14:56:00,98,,"RNEC-PTNEC-00","Average CPU Load (%)",2022-01-25 14:56:00,11.857142857142858,,
"RNEC-PTNEC-00","Minimum CPU Load (%)",2022-01-25 21:11:00,0,,"RNEC-PTNEC-00","Peak CPU Load (%)",2022-01-25 21:11:00,24,,"RNEC-PTNEC-00","Average CPU Load (%)",2022-01-25 21:11:00,4.142857142857143,,
"RNEC-PTNEC-00","Minimum CPU Load (%)",2022-01-26 03:26:00,0,,"RNEC-PTNEC-00","Peak CPU Load (%)",2022-01-26 03:26:00,46,,"RNEC-PTNEC-00","Average CPU Load (%)",2022-01-26 03:26:00,6,,
"RNEC-PTNEC-00","Minimum CPU Load (%)",2022-01-26 09:41:00,0,,"RNEC-PTNEC-00","Peak CPU Load (%)",2022-01-26 09:41:00,43,,"RNEC-PTNEC-00","Average CPU Load (%)",2022-01-26 09:41:00,5.333333333333333,,
"RNEC-PTNEC-00","Minimum CPU Load (%)",2022-01-26 15:56:00,0,,"RNEC-PTNEC-00","Peak CPU Load (%)",2022-01-26 15:56:00,27,,"RNEC-PTNEC-00","Average CPU Load (%)",2022-01-26 15:56:00,6,,
"RNEC-PTNEC-00","Minimum CPU Load (%)",2022-01-26 22:11:00,0,,"RNEC-PTNEC-00","Peak CPU Load (%)",2022-01-26 22:11:00,43,,"RNEC-PTNEC-00","Average CPU Load (%)",2022-01-26 22:11:00,5.857142857142857,,
"RNEC-PTNEC-00","Minimum CPU Load (%)",2022-01-27 04:26:00,0,,"RNEC-PTNEC-00","Peak CPU Load (%)",2022-01-27 04:26:00,34,,"RNEC-PTNEC-00","Average CPU Load (%)",2022-01-27 04:26:00,4,,
"RNEC-PTNEC-00","Minimum CPU Load (%)",2022-01-27 10:41:00,0,,"RNEC-PTNEC-00","Peak CPU Load (%)",2022-01-27 10:41:00,28,,"RNEC-PTNEC-00","Average CPU Load (%)",2022-01-27 10:41:00,6.333333333333333,,
"RNEC-PTNEC-00","Minimum CPU Load (%)",2022-01-27 16:56:00,0,,"RNEC-PTNEC-00","Peak CPU Load (%)",2022-01-27 16:56:00,40,,"RNEC-PTNEC-00","Average CPU Load (%)",2022-01-27 16:56:00,5.333333333333333,,
"RNEC-PTNEC-00","Minimum CPU Load (%)",2022-01-27 23:11:00,0,,"RNEC-PTNEC-00","Peak CPU Load (%)",2022-01-27 23:11:00,32,,"RNEC-PTNEC-00","Average CPU Load (%)",2022-01-27 23:11:00,4.142857142857143,,
"RNEC-PTNEC-00","Minimum CPU Load (%)",2022-01-28 05:26:00,0,,"RNEC-PTNEC-00","Peak CPU Load (%)",2022-01-28 05:26:00,25,,"RNEC-PTNEC-00","Average CPU Load (%)",2022-01-28 05:26:00,4,,
"RNEC-PTNEC-00","Minimum CPU Load (%)",2022-01-28 11:41:00,0,,"RNEC-PTNEC-00","Peak CPU Load (%)",2022-01-28 11:41:00,39,,"RNEC-PTNEC-00","Average CPU Load (%)",2022-01-28 11:41:00,5.5,,
"RNEC-PTNEC-00","Minimum CPU Load (%)",2022-01-28 17:56:00,0,,"RNEC-PTNEC-00","Peak CPU Load (%)",2022-01-28 17:56:00,12,,"RNEC-PTNEC-00","Average CPU Load (%)",2022-01-28 17:56:00,3.1666666666666665,,
"RNEC-PTNEC-00","Minimum CPU Load (%)",2022-01-29 00:11:00,0,,"RNEC-PTNEC-00","Peak CPU Load (%)",2022-01-29 00:11:00,45,,"RNEC-PTNEC-00","Average CPU Load (%)",2022-01-29 00:11:00,4.571428571428571,,
"RNEC-PTNEC-00","Minimum CPU Load (%)",2022-01-29 06:26:00,0,,"RNEC-PTNEC-00","Peak CPU Load (%)",2022-01-29 06:26:00,39,,"RNEC-PTNEC-00","Average CPU Load (%)",2022-01-29 06:26:00,4.833333333333333,,
"RNEC-PTNEC-00","Minimum CPU Load (%)",2022-01-29 12:41:00,0,,"RNEC-PTNEC-00","Peak CPU Load (%)",2022-01-29 12:41:00,41,,"RNEC-PTNEC-00","Average CPU Load (%)",2022-01-29 12:41:00,5,,
"RNEC-PTNEC-00","Minimum CPU Load (%)",2022-01-29 18:56:00,0,,"RNEC-PTNEC-00","Peak CPU Load (%)",2022-01-29 18:56:00,23,,"RNEC-PTNEC-00","Average CPU Load (%)",2022-01-29 18:56:00,5.9411764705882355,,
"RNEC-PTNEC-00","Minimum CPU Load (%)",2022-01-30 01:11:00,0,,"RNEC-PTNEC-00","Peak CPU Load (%)",2022-01-30 01:11:00,42,,"RNEC-PTNEC-00","Average CPU Load (%)",2022-01-30 01:11:00,4.8,,
"RNEC-PTNEC-00","Minimum CPU Load (%)",2022-01-30 07:26:00,0,,"RNEC-PTNEC-00","Peak CPU Load (%)",2022-01-30 07:26:00,45,,"RNEC-PTNEC-00","Average CPU Load (%)",2022-01-30 07:26:00,5.166666666666667,,
"RNEC-PTNEC-00","Minimum CPU Load (%)",2022-01-30 13:41:00,0,,"RNEC-PTNEC-00","Peak CPU Load (%)",2022-01-30 13:41:00,28,,"RNEC-PTNEC-00","Average CPU Load (%)",2022-01-30 13:41:00,4.333333333333333,,
"RNEC-PTNEC-00","Minimum CPU Load (%)",2022-01-30 19:56:00,0,,"RNEC-PTNEC-00","Peak CPU Load (%)",2022-01-30 19:56:00,42,,"RNEC-PTNEC-00","Average CPU Load (%)",2022-01-30 19:56:00,4.333333333333333,,
"RNEC-PTNEC-00","Minimum CPU Load (%)",2022-01-31 02:11:00,0,,"RNEC-PTNEC-00","Peak CPU Load (%)",2022-01-31 02:11:00,31,,"RNEC-PTNEC-00","Average CPU Load (%)",2022-01-31 02:11:00,4.714285714285714,,
"RNEC-PTNEC-00","Minimum CPU Load (%)",2022-01-31 08:26:00,0,,"RNEC-PTNEC-00","Peak CPU Load (%)",2022-01-31 08:26:00,23,,"RNEC-PTNEC-00","Average CPU Load (%)",2022-01-31 08:26:00,4.371428571428571,,
"RNEC-PTNEC-00","Minimum CPU Load (%)",2022-01-31 14:41:00,0,,"RNEC-PTNEC-00","Peak CPU Load (%)",2022-01-31 14:41:00,23,,"RNEC-PTNEC-00","Average CPU Load (%)",2022-01-31 14:41:00,6.085714285714285,,
"RNEC-PTNEC-00","Minimum CPU Load (%)",2022-01-31 20:56:00,0,,"RNEC-PTNEC-00","Peak CPU Load (%)",2022-01-31 20:56:00,38,,"RNEC-PTNEC-00","Average CPU Load (%)",2022-01-31 20:56:00,7.5,,
"RNEC-PTNEC-00","Minimum CPU Load (%)",2022-02-01 03:11:00,0,,"RNEC-PTNEC-00","Peak CPU Load (%)",2022-02-01 03:11:00,31,,"RNEC-PTNEC-00","Average CPU Load (%)",2022-02-01 03:11:00,5.571428571428571,,
"RNEC-PTNEC-00","Minimum CPU Load (%)",2022-02-01 09:26:00,0,,"RNEC-PTNEC-00","Peak CPU Load (%)",2022-02-01 09:26:00,55,,"RNEC-PTNEC-00","Average CPU Load (%)",2022-02-01 09:26:00,7.166666666666667,,
"RNEC-PTNEC-00","Minimum CPU Load (%)",2022-02-01 15:41:00,0,,"RNEC-PTNEC-00","Peak CPU Load (%)",2022-02-01 15:41:00,24,,"RNEC-PTNEC-00","Average CPU Load (%)",2022-02-01 15:41:00,5.5,,
"RNEC-PTNEC-00","Minimum CPU Load (%)",2022-02-01 21:56:00,0,,"RNEC-PTNEC-00","Peak CPU Load (%)",2022-02-01 21:56:00,35,,"RNEC-PTNEC-00","Average CPU Load (%)",2022-02-01 21:56:00,4.833333333333333,,
"RNEC-PTNEC-00","Minimum CPU Load (%)",2022-02-02 04:11:00,0,,"RNEC-PTNEC-00","Peak CPU Load (%)",2022-02-02 04:11:00,24,,"RNEC-PTNEC-00","Average CPU Load (%)",2022-02-02 04:11:00,4.142857142857143,,
"RNEC-PTNEC-00","Minimum CPU Load (%)",2022-02-02 10:26:00,0,,"RNEC-PTNEC-00","Peak CPU Load (%)",2022-02-02 10:26:00,73,,"RNEC-PTNEC-00","Average CPU Load (%)",2022-02-02 10:26:00,8.833333333333334,,
"RNEC-PTNEC-00","Minimum CPU Load (%)",2022-02-02 16:41:00,0,,"RNEC-PTNEC-00","Peak CPU Load (%)",2022-02-02 16:41:00,49,,"RNEC-PTNEC-00","Average CPU Load (%)",2022-02-02 16:41:00,9.666666666666666,,
"RNEC-PTNEC-00","Minimum CPU Load (%)",2022-02-02 22:56:00,0,,"RNEC-PTNEC-00","Peak CPU Load (%)",2022-02-02 22:56:00,21,,"RNEC-PTNEC-00","Average CPU Load (%)",2022-02-02 22:56:00,3.3333333333333335,,
"RNEC-PTNEC-00","Minimum CPU Load (%)",2022-02-03 05:11:00,0,,"RNEC-PTNEC-00","Peak CPU Load (%)",2022-02-03 05:11:00,29,,"RNEC-PTNEC-00","Average CPU Load (%)",2022-02-03 05:11:00,3.4285714285714284,,
"RNEC-PTNEC-00","Minimum CPU Load (%)",2022-02-03 11:26:00,0,,"RNEC-PTNEC-00","Peak CPU Load (%)",2022-02-03 11:26:00,38,,"RNEC-PTNEC-00","Average CPU Load (%)",2022-02-03 11:26:00,5.833333333333333,,
"RNEC-PTNEC-00","Minimum CPU Load (%)",2022-02-03 17:41:00,0,,"RNEC-PTNEC-00","Peak CPU Load (%)",2022-02-03 17:41:00,24,,"RNEC-PTNEC-00","Average CPU Load (%)",2022-02-03 17:41:00,4.666666666666667,,
"RNEC-PTNEC-00","Minimum CPU Load (%)",2022-02-03 23:56:00,0,,"RNEC-PTNEC-00","Peak CPU Load (%)",2022-02-03 23:56:00,28,,"RNEC-PTNEC-00","Average CPU Load (%)",2022-02-03 23:56:00,3.8333333333333335,,
"RNEC-PTNEC-00","Minimum CPU Load (%)",2022-02-04 06:11:00,0,,"RNEC-PTNEC-00","Peak CPU Load (%)",2022-02-04 06:11:00,28,,"RNEC-PTNEC-00","Average CPU Load (%)",2022-02-04 06:11:00,3.2857142857142856,,
"RNEC-PTNEC-00","Minimum CPU Load (%)",2022-02-04 12:26:00,0,,"RNEC-PTNEC-00","Peak CPU Load (%)",2022-02-04 12:26:00,13,,"RNEC-PTNEC-00","Average CPU Load (%)",2022-02-04 12:26:00,2.5,,
"RNEC-PTNEC-00","Minimum CPU Load (%)",2022-02-04 18:41:00,0,,"RNEC-PTNEC-00","Peak CPU Load (%)",2022-02-04 18:41:00,40,,"RNEC-PTNEC-00","Average CPU Load (%)",2022-02-04 18:41:00,4,,
"RNEC-PTNEC-00","Minimum CPU Load (%)",2022-02-05 00:56:00,0,,"RNEC-PTNEC-00","Peak CPU Load (%)",2022-02-05 00:56:00,67,,"RNEC-PTNEC-00","Average CPU Load (%)",2022-02-05 00:56:00,4.166666666666667,,
"RNEC-PTNEC-00","Minimum CPU Load (%)",2022-02-05 07:11:00,0,,"RNEC-PTNEC-00","Peak CPU Load (%)",2022-02-05 07:11:00,26,,"RNEC-PTNEC-00","Average CPU Load (%)",2022-02-05 07:11:00,2.7142857142857144,,
"RNEC-PTNEC-00","Minimum CPU Load (%)",2022-02-05 13:26:00,0,,"RNEC-PTNEC-00","Peak CPU Load (%)",2022-02-05 13:26:00,31,,"RNEC-PTNEC-00","Average CPU Load (%)",2022-02-05 13:26:00,4.833333333333333,,
"RNEC-PTNEC-00","Minimum CPU Load (%)",2022-02-05 19:41:00,0,,"RNEC-PTNEC-00","Peak CPU Load (%)",2022-02-05 19:41:00,29,,"RNEC-PTNEC-00","Average CPU Load (%)",2022-02-05 19:41:00,3.6666666666666665,,
"RNEC-PTNEC-00","Minimum CPU Load (%)",2022-02-06 01:56:00,0,,"RNEC-PTNEC-00","Peak CPU Load (%)",2022-02-06 01:56:00,40,,"RNEC-PTNEC-00","Average CPU Load (%)",2022-02-06 01:56:00,4,,
"RNEC-PTNEC-00","Minimum CPU Load (%)",2022-02-06 08:11:00,0,,"RNEC-PTNEC-00","Peak CPU Load (%)",2022-02-06 08:11:00,31,,"RNEC-PTNEC-00","Average CPU Load (%)",2022-02-06 08:11:00,3.2857142857142856,,
"RNEC-PTNEC-00","Minimum CPU Load (%)",2022-02-06 14:26:00,0,,"RNEC-PTNEC-00","Peak CPU Load (%)",2022-02-06 14:26:00,24,,"RNEC-PTNEC-00","Average CPU Load (%)",2022-02-06 14:26:00,4.666666666666667,,
"RNEC-PTNEC-00","Minimum CPU Load (%)",2022-02-06 20:41:00,0,,"RNEC-PTNEC-00","Peak CPU Load (%)",2022-02-06 20:41:00,29,,"RNEC-PTNEC-00","Average CPU Load (%)",2022-02-06 20:41:00,5,,
"RNEC-PTNEC-00","Minimum CPU Load (%)",2022-02-07 02:56:00,0,,"RNEC-PTNEC-00","Peak CPU Load (%)",2022-02-07 02:56:00,23,,"RNEC-PTNEC-00","Average CPU Load (%)",2022-02-07 02:56:00,2.1666666666666665,,
"RNEC-PTNEC-00","Minimum CPU Load (%)",2022-02-07 09:11:00,0,,"RNEC-PTNEC-00","Peak CPU Load (%)",2022-02-07 09:11:00,26,,"RNEC-PTNEC-00","Average CPU Load (%)",2022-02-07 09:11:00,5.571428571428571,,
"RNEC-PTNEC-00","Minimum CPU Load (%)",2022-02-07 15:26:00,0,,"RNEC-PTNEC-00","Peak CPU Load (%)",2022-02-07 15:26:00,51,,"RNEC-PTNEC-00","Average CPU Load (%)",2022-02-07 15:26:00,6.333333333333333,,
"RNEC-PTNEC-00","Minimum CPU Load (%)",2022-02-07 21:41:00,0,,"RNEC-PTNEC-00","Peak CPU Load (%)",2022-02-07 21:41:00,41,,"RNEC-PTNEC-00","Average CPU Load (%)",2022-02-07 21:41:00,8.333333333333334,,
"RNEC-PTNEC-00","Minimum CPU Load (%)",2022-02-08 03:56:00,0,,"RNEC-PTNEC-00","Peak CPU Load (%)",2022-02-08 03:56:00,75,,"RNEC-PTNEC-00","Average CPU Load (%)",2022-02-08 03:56:00,7.333333333333333,,
"RNEC-PTNEC-00","Minimum CPU Load (%)",2022-02-08 10:11:00,0,,"RNEC-PTNEC-00","Peak CPU Load (%)",2022-02-08 10:11:00,76,,"RNEC-PTNEC-00","Average CPU Load (%)",2022-02-08 10:11:00,8.285714285714286,,
"RNEC-PTNEC-00","Minimum CPU Load (%)",2022-02-08 16:26:00,0,,"RNEC-PTNEC-00","Peak CPU Load (%)",2022-02-08 16:26:00,49,,"RNEC-PTNEC-00","Average CPU Load (%)",2022-02-08 16:26:00,11.333333333333334,,
"RNEC-PTNEC-00","Minimum CPU Load (%)",2022-02-08 22:41:00,0,,"RNEC-PTNEC-00","Peak CPU Load (%)",2022-02-08 22:41:00,26,,"RNEC-PTNEC-00","Average CPU Load (%)",2022-02-08 22:41:00,6.333333333333333,,
"RNEC-PTNEC-00","Minimum CPU Load (%)",2022-02-09 04:56:00,0,,"RNEC-PTNEC-00","Peak CPU Load (%)",2022-02-09 04:56:00,20,,"RNEC-PTNEC-00","Average CPU Load (%)",2022-02-09 04:56:00,3.8333333333333335,,
"RNEC-PTNEC-00","Minimum CPU Load (%)",2022-02-09 11:11:00,0,,"RNEC-PTNEC-00","Peak CPU Load (%)",2022-02-09 11:11:00,40,,"RNEC-PTNEC-00","Average CPU Load (%)",2022-02-09 11:11:00,8,,
"RNEC-PTNEC-00","Minimum CPU Load (%)",2022-02-09 17:26:00,0,,"RNEC-PTNEC-00","Peak CPU Load (%)",2022-02-09 17:26:00,40,,"RNEC-PTNEC-00","Average CPU Load (%)",2022-02-09 17:26:00,7.5,,
"RNEC-PTNEC-00","Minimum CPU Load (%)",2022-02-09 23:41:00,0,,"RNEC-PTNEC-00","Peak CPU Load (%)",2022-02-09 23:41:00,29,,"RNEC-PTNEC-00","Average CPU Load (%)",2022-02-09 23:41:00,5.833333333333333,,
"RNEC-PTNEC-00","Minimum CPU Load (%)",2022-02-10 05:56:00,0,,"RNEC-PTNEC-00","Peak CPU Load (%)",2022-02-10 05:56:00,29,,"RNEC-PTNEC-00","Average CPU Load (%)",2022-02-10 05:56:00,6.638888888888889,,
"RNEC-PTNEC-00","Minimum CPU Load (%)",2022-02-10 12:11:00,0,,"RNEC-PTNEC-00","Peak CPU Load (%)",2022-02-10 12:11:00,31,,"RNEC-PTNEC-00","Average CPU Load (%)",2022-02-10 12:11:00,8.324324324324325,,
"RNEC-PTNEC-00","Minimum CPU Load (%)",2022-02-10 18:26:00,0,,"RNEC-PTNEC-00","Peak CPU Load (%)",2022-02-10 18:26:00,45,,"RNEC-PTNEC-00","Average CPU Load (%)",2022-02-10 18:26:00,6.973684210526316,,
"RNEC-PTNEC-00","Minimum CPU Load (%)",2022-02-11 00:41:00,0,,"RNEC-PTNEC-00","Peak CPU Load (%)",2022-02-11 00:41:00,66,,"RNEC-PTNEC-00","Average CPU Load (%)",2022-02-11 00:41:00,8.108108108108109,,
"RNEC-PTNEC-00","Minimum CPU Load (%)",2022-02-11 06:56:00,0,,"RNEC-PTNEC-00","Peak CPU Load (%)",2022-02-11 06:56:00,30,,"RNEC-PTNEC-00","Average CPU Load (%)",2022-02-11 06:56:00,6.2368421052631575,,
"RNEC-PTNEC-00","Minimum CPU Load (%)",2022-02-11 13:11:00,0,,"RNEC-PTNEC-00","Peak CPU Load (%)",2022-02-11 13:11:00,37,,"RNEC-PTNEC-00","Average CPU Load (%)",2022-02-11 13:11:00,11.432432432432432,,
"RNEC-PTNEC-00","Minimum CPU Load (%)",2022-02-11 19:26:00,0,,"RNEC-PTNEC-00","Peak CPU Load (%)",2022-02-11 19:26:00,29,,"RNEC-PTNEC-00","Average CPU Load (%)",2022-02-11 19:26:00,6.7105263157894735,,
"RNEC-PTNEC-00","Minimum CPU Load (%)",2022-02-12 01:41:00,0,,"RNEC-PTNEC-00","Peak CPU Load (%)",2022-02-12 01:41:00,35,,"RNEC-PTNEC-00","Average CPU Load (%)",2022-02-12 01:41:00,5.621621621621622,,
"RNEC-PTNEC-00","Minimum CPU Load (%)",2022-02-12 07:56:00,0,,"RNEC-PTNEC-00","Peak CPU Load (%)",2022-02-12 07:56:00,37,,"RNEC-PTNEC-00","Average CPU Load (%)",2022-02-12 07:56:00,6.578947368421052,,
"RNEC-PTNEC-00","Minimum CPU Load (%)",2022-02-12 14:11:00,0,,"RNEC-PTNEC-00","Peak CPU Load (%)",2022-02-12 14:11:00,31,,"RNEC-PTNEC-00","Average CPU Load (%)",2022-02-12 14:11:00,9.08108108108108,,
"RNEC-PTNEC-00","Minimum CPU Load (%)",2022-02-12 20:26:00,0,,"RNEC-PTNEC-00","Peak CPU Load (%)",2022-02-12 20:26:00,54,,"RNEC-PTNEC-00","Average CPU Load (%)",2022-02-12 20:26:00,10.210526315789474,,
"RNEC-PTNEC-00","Minimum CPU Load (%)",2022-02-13 02:41:00,0,,"RNEC-PTNEC-00","Peak CPU Load (%)",2022-02-13 02:41:00,32,,"RNEC-PTNEC-00","Average CPU Load (%)",2022-02-13 02:41:00,4.216216216216216,,
"RNEC-PTNEC-00","Minimum CPU Load (%)",2022-02-13 08:56:00,0,,"RNEC-PTNEC-00","Peak CPU Load (%)",2022-02-13 08:56:00,32,,"RNEC-PTNEC-00","Average CPU Load (%)",2022-02-13 08:56:00,5.2631578947368425,,
"RNEC-PTNEC-00","Minimum CPU Load (%)",2022-02-13 15:11:00,0,,"RNEC-PTNEC-00","Peak CPU Load (%)",2022-02-13 15:11:00,35,,"RNEC-PTNEC-00","Average CPU Load (%)",2022-02-13 15:11:00,5.216216216216216,,
"RNEC-PTNEC-00","Minimum CPU Load (%)",2022-02-13 21:26:00,0,,"RNEC-PTNEC-00","Peak CPU Load (%)",2022-02-13 21:26:00,45,,"RNEC-PTNEC-00","Average CPU Load (%)",2022-02-13 21:26:00,9.631578947368421,,
"RNEC-PTNEC-00","Minimum CPU Load (%)",2022-02-14 03:41:00,0,,"RNEC-PTNEC-00","Peak CPU Load (%)",2022-02-14 03:41:00,26,,"RNEC-PTNEC-00","Average CPU Load (%)",2022-02-14 03:41:00,4.405405405405405,,
"RNEC-PTNEC-00","Minimum CPU Load (%)",2022-02-14 09:56:00,0,,"RNEC-PTNEC-00","Peak CPU Load (%)",2022-02-14 09:56:00,48,,"RNEC-PTNEC-00","Average CPU Load (%)",2022-02-14 09:56:00,8.105263157894736,,
"RNEC-PTNEC-00","Minimum CPU Load (%)",2022-02-14 16:11:00,0,,"RNEC-PTNEC-00","Peak CPU Load (%)",2022-02-14 16:11:00,69,,"RNEC-PTNEC-00","Average CPU Load (%)",2022-02-14 16:11:00,14.756756756756756,,
"RNEC-PTNEC-00","Minimum CPU Load (%)",2022-02-14 22:26:00,0,,"RNEC-PTNEC-00","Peak CPU Load (%)",2022-02-14 22:26:00,58,,"RNEC-PTNEC-00","Average CPU Load (%)",2022-02-14 22:26:00,19.026315789473685,,
"RNEC-PTNEC-00","Minimum CPU Load (%)",2022-02-15 04:41:00,0,,"RNEC-PTNEC-00","Peak CPU Load (%)",2022-02-15 04:41:00,65,,"RNEC-PTNEC-00","Average CPU Load (%)",2022-02-15 04:41:00,22.10810810810811,,
"RNEC-PTNEC-00","Minimum CPU Load (%)",2022-02-15 10:56:00,0,,"RNEC-PTNEC-00","Peak CPU Load (%)",2022-02-15 10:56:00,71,,"RNEC-PTNEC-00","Average CPU Load (%)",2022-02-15 10:56:00,20.92105263157895,,
"RNEC-PTNEC-00","Minimum CPU Load (%)",2022-02-15 17:11:00,0,,"RNEC-PTNEC-00","Peak CPU Load (%)",2022-02-15 17:11:00,45,,"RNEC-PTNEC-00","Average CPU Load (%)",2022-02-15 17:11:00,14.162162162162161,,

