"New Analysis Project","=HYPERLINK(""https://solarwinds.une.com.co/ui/perfstack/?charts=0_Orion.Nodes_15658-Orion.CPULoad.MinLoad,0_Orion.Nodes_15658-Orion.CPULoad.MaxLoad,0_Orion.Nodes_15658-Orion.CPULoad.AvgLoad;&startTime=2021-12-15T08:00:00.000Z&endTime=2022-02-15T20:00:00.000Z"")"
Start,2021-12-15 03:00:00,End,2022-02-15 15:00:00

"Custom Chart"
Entity,Metric,Date/Time,Value,,Entity,Metric,Date/Time,Value,,Entity,Metric,Date/Time,Value,
"SLD10-MS-00","Minimum CPU Load (%)",2021-12-16 04:00:00,0,,"SLD10-MS-00","Peak CPU Load (%)",2021-12-16 04:00:00,1,,"SLD10-MS-00","Average CPU Load (%)",2021-12-16 04:00:00,0,,
"SLD10-MS-00","Minimum CPU Load (%)",2021-12-17 05:00:00,0,,"SLD10-MS-00","Peak CPU Load (%)",2021-12-17 05:00:00,2,,"SLD10-MS-00","Average CPU Load (%)",2021-12-17 05:00:00,0,,
"SLD10-MS-00","Minimum CPU Load (%)",2021-12-18 06:00:00,0,,"SLD10-MS-00","Peak CPU Load (%)",2021-12-18 06:00:00,1,,"SLD10-MS-00","Average CPU Load (%)",2021-12-18 06:00:00,0,,
"SLD10-MS-00","Minimum CPU Load (%)",2021-12-19 00:45:00,0,,"SLD10-MS-00","Peak CPU Load (%)",2021-12-19 00:45:00,1,,"SLD10-MS-00","Average CPU Load (%)",2021-12-19 00:45:00,0,,
"SLD10-MS-00","Minimum CPU Load (%)",2021-12-20 01:45:00,0,,"SLD10-MS-00","Peak CPU Load (%)",2021-12-20 01:45:00,2,,"SLD10-MS-00","Average CPU Load (%)",2021-12-20 01:45:00,0,,
"SLD10-MS-00","Minimum CPU Load (%)",2021-12-21 02:45:00,0,,"SLD10-MS-00","Peak CPU Load (%)",2021-12-21 02:45:00,1,,"SLD10-MS-00","Average CPU Load (%)",2021-12-21 02:45:00,0,,
"SLD10-MS-00","Minimum CPU Load (%)",2021-12-22 03:45:00,0,,"SLD10-MS-00","Peak CPU Load (%)",2021-12-22 03:45:00,0,,"SLD10-MS-00","Average CPU Load (%)",2021-12-22 03:45:00,0,,
"SLD10-MS-00","Minimum CPU Load (%)",2021-12-23 04:45:00,0,,"SLD10-MS-00","Peak CPU Load (%)",2021-12-23 04:45:00,0,,"SLD10-MS-00","Average CPU Load (%)",2021-12-23 04:45:00,0,,
"SLD10-MS-00","Minimum CPU Load (%)",2021-12-24 05:45:00,0,,"SLD10-MS-00","Peak CPU Load (%)",2021-12-24 05:45:00,0,,"SLD10-MS-00","Average CPU Load (%)",2021-12-24 05:45:00,0,,
"SLD10-MS-00","Minimum CPU Load (%)",2021-12-25 00:30:00,0,,"SLD10-MS-00","Peak CPU Load (%)",2021-12-25 00:30:00,0,,"SLD10-MS-00","Average CPU Load (%)",2021-12-25 00:30:00,0,,
"SLD10-MS-00","Minimum CPU Load (%)",2021-12-26 01:30:00,0,,"SLD10-MS-00","Peak CPU Load (%)",2021-12-26 01:30:00,0,,"SLD10-MS-00","Average CPU Load (%)",2021-12-26 01:30:00,0,,
"SLD10-MS-00","Minimum CPU Load (%)",2021-12-27 02:30:00,0,,"SLD10-MS-00","Peak CPU Load (%)",2021-12-27 02:30:00,0,,"SLD10-MS-00","Average CPU Load (%)",2021-12-27 02:30:00,0,,
"SLD10-MS-00","Minimum CPU Load (%)",2021-12-28 03:30:00,0,,"SLD10-MS-00","Peak CPU Load (%)",2021-12-28 03:30:00,0,,"SLD10-MS-00","Average CPU Load (%)",2021-12-28 03:30:00,0,,
"SLD10-MS-00","Minimum CPU Load (%)",2021-12-29 04:30:00,0,,"SLD10-MS-00","Peak CPU Load (%)",2021-12-29 04:30:00,0,,"SLD10-MS-00","Average CPU Load (%)",2021-12-29 04:30:00,0,,
"SLD10-MS-00","Minimum CPU Load (%)",2021-12-30 05:30:00,0,,"SLD10-MS-00","Peak CPU Load (%)",2021-12-30 05:30:00,0,,"SLD10-MS-00","Average CPU Load (%)",2021-12-30 05:30:00,0,,
"SLD10-MS-00","Minimum CPU Load (%)",2021-12-31 00:15:00,0,,"SLD10-MS-00","Peak CPU Load (%)",2021-12-31 00:15:00,0,,"SLD10-MS-00","Average CPU Load (%)",2021-12-31 00:15:00,0,,
"SLD10-MS-00","Minimum CPU Load (%)",2022-01-01 01:15:00,0,,"SLD10-MS-00","Peak CPU Load (%)",2022-01-01 01:15:00,0,,"SLD10-MS-00","Average CPU Load (%)",2022-01-01 01:15:00,0,,
"SLD10-MS-00","Minimum CPU Load (%)",2022-01-02 02:15:00,0,,"SLD10-MS-00","Peak CPU Load (%)",2022-01-02 02:15:00,0,,"SLD10-MS-00","Average CPU Load (%)",2022-01-02 02:15:00,0,,
"SLD10-MS-00","Minimum CPU Load (%)",2022-01-03 03:15:00,0,,"SLD10-MS-00","Peak CPU Load (%)",2022-01-03 03:15:00,0,,"SLD10-MS-00","Average CPU Load (%)",2022-01-03 03:15:00,0,,
"SLD10-MS-00","Minimum CPU Load (%)",2022-01-04 04:15:00,0,,"SLD10-MS-00","Peak CPU Load (%)",2022-01-04 04:15:00,0,,"SLD10-MS-00","Average CPU Load (%)",2022-01-04 04:15:00,0,,
"SLD10-MS-00","Minimum CPU Load (%)",2022-01-05 05:15:00,0,,"SLD10-MS-00","Peak CPU Load (%)",2022-01-05 05:15:00,0,,"SLD10-MS-00","Average CPU Load (%)",2022-01-05 05:15:00,0,,
"SLD10-MS-00","Minimum CPU Load (%)",2022-01-06 00:00:00,0,,"SLD10-MS-00","Peak CPU Load (%)",2022-01-06 00:00:00,0,,"SLD10-MS-00","Average CPU Load (%)",2022-01-06 00:00:00,0,,
"SLD10-MS-00","Minimum CPU Load (%)",2022-01-07 01:00:00,0,,"SLD10-MS-00","Peak CPU Load (%)",2022-01-07 01:00:00,0,,"SLD10-MS-00","Average CPU Load (%)",2022-01-07 01:00:00,0,,
"SLD10-MS-00","Minimum CPU Load (%)",2022-01-08 02:00:00,0,,"SLD10-MS-00","Peak CPU Load (%)",2022-01-08 02:00:00,0,,"SLD10-MS-00","Average CPU Load (%)",2022-01-08 02:00:00,0,,
"SLD10-MS-00","Minimum CPU Load (%)",2022-01-09 03:00:00,0,,"SLD10-MS-00","Peak CPU Load (%)",2022-01-09 03:00:00,0,,"SLD10-MS-00","Average CPU Load (%)",2022-01-09 03:00:00,0,,
"SLD10-MS-00","Minimum CPU Load (%)",2022-01-10 04:00:00,0,,"SLD10-MS-00","Peak CPU Load (%)",2022-01-10 04:00:00,0,,"SLD10-MS-00","Average CPU Load (%)",2022-01-10 04:00:00,0,,
"SLD10-MS-00","Minimum CPU Load (%)",2022-01-11 05:00:00,0,,"SLD10-MS-00","Peak CPU Load (%)",2022-01-11 05:00:00,0,,"SLD10-MS-00","Average CPU Load (%)",2022-01-11 05:00:00,0,,
"SLD10-MS-00","Minimum CPU Load (%)",2022-01-12 06:00:00,0,,"SLD10-MS-00","Peak CPU Load (%)",2022-01-12 06:00:00,0,,"SLD10-MS-00","Average CPU Load (%)",2022-01-12 06:00:00,0,,
"SLD10-MS-00","Minimum CPU Load (%)",2022-01-13 00:45:00,0,,"SLD10-MS-00","Peak CPU Load (%)",2022-01-13 00:45:00,0,,"SLD10-MS-00","Average CPU Load (%)",2022-01-13 00:45:00,0,,
"SLD10-MS-00","Minimum CPU Load (%)",2022-01-14 01:45:00,0,,"SLD10-MS-00","Peak CPU Load (%)",2022-01-14 01:45:00,1,,"SLD10-MS-00","Average CPU Load (%)",2022-01-14 01:45:00,0,,
"SLD10-MS-00","Minimum CPU Load (%)",2022-01-15 02:45:00,0,,"SLD10-MS-00","Peak CPU Load (%)",2022-01-15 02:45:00,0,,"SLD10-MS-00","Average CPU Load (%)",2022-01-15 02:45:00,0,,
"SLD10-MS-00","Minimum CPU Load (%)",2022-01-16 03:45:00,0,,"SLD10-MS-00","Peak CPU Load (%)",2022-01-16 03:45:00,1,,"SLD10-MS-00","Average CPU Load (%)",2022-01-16 03:45:00,0,,
"SLD10-MS-00","Minimum CPU Load (%)",2022-01-17 04:45:00,0,,"SLD10-MS-00","Peak CPU Load (%)",2022-01-17 04:45:00,1,,"SLD10-MS-00","Average CPU Load (%)",2022-01-17 04:45:00,0,,
"SLD10-MS-00","Minimum CPU Load (%)",2022-01-18 05:45:00,0,,"SLD10-MS-00","Peak CPU Load (%)",2022-01-18 05:45:00,1,,"SLD10-MS-00","Average CPU Load (%)",2022-01-18 05:45:00,0,,
"SLD10-MS-00","Minimum CPU Load (%)",2022-01-18 12:00:00,0,,"SLD10-MS-00","Peak CPU Load (%)",2022-01-18 12:00:00,0,,"SLD10-MS-00","Average CPU Load (%)",2022-01-18 12:00:00,0,,
"SLD10-MS-00","Minimum CPU Load (%)",2022-01-18 18:15:00,0,,"SLD10-MS-00","Peak CPU Load (%)",2022-01-18 18:15:00,0,,"SLD10-MS-00","Average CPU Load (%)",2022-01-18 18:15:00,0,,
"SLD10-MS-00","Minimum CPU Load (%)",2022-01-19 00:30:00,0,,"SLD10-MS-00","Peak CPU Load (%)",2022-01-19 00:30:00,0,,"SLD10-MS-00","Average CPU Load (%)",2022-01-19 00:30:00,0,,
"SLD10-MS-00","Minimum CPU Load (%)",2022-01-19 06:45:00,0,,"SLD10-MS-00","Peak CPU Load (%)",2022-01-19 06:45:00,0,,"SLD10-MS-00","Average CPU Load (%)",2022-01-19 06:45:00,0,,
"SLD10-MS-00","Minimum CPU Load (%)",2022-01-19 13:00:00,0,,"SLD10-MS-00","Peak CPU Load (%)",2022-01-19 13:00:00,0,,"SLD10-MS-00","Average CPU Load (%)",2022-01-19 13:00:00,0,,
"SLD10-MS-00","Minimum CPU Load (%)",2022-01-19 19:15:00,0,,"SLD10-MS-00","Peak CPU Load (%)",2022-01-19 19:15:00,0,,"SLD10-MS-00","Average CPU Load (%)",2022-01-19 19:15:00,0,,
"SLD10-MS-00","Minimum CPU Load (%)",2022-01-20 01:30:00,0,,"SLD10-MS-00","Peak CPU Load (%)",2022-01-20 01:30:00,0,,"SLD10-MS-00","Average CPU Load (%)",2022-01-20 01:30:00,0,,
"SLD10-MS-00","Minimum CPU Load (%)",2022-01-20 07:45:00,0,,"SLD10-MS-00","Peak CPU Load (%)",2022-01-20 07:45:00,0,,"SLD10-MS-00","Average CPU Load (%)",2022-01-20 07:45:00,0,,
"SLD10-MS-00","Minimum CPU Load (%)",2022-01-20 14:00:00,0,,"SLD10-MS-00","Peak CPU Load (%)",2022-01-20 14:00:00,1,,"SLD10-MS-00","Average CPU Load (%)",2022-01-20 14:00:00,0,,
"SLD10-MS-00","Minimum CPU Load (%)",2022-01-20 20:15:00,0,,"SLD10-MS-00","Peak CPU Load (%)",2022-01-20 20:15:00,1,,"SLD10-MS-00","Average CPU Load (%)",2022-01-20 20:15:00,0,,
"SLD10-MS-00","Minimum CPU Load (%)",2022-01-21 02:30:00,0,,"SLD10-MS-00","Peak CPU Load (%)",2022-01-21 02:30:00,0,,"SLD10-MS-00","Average CPU Load (%)",2022-01-21 02:30:00,0,,
"SLD10-MS-00","Minimum CPU Load (%)",2022-01-21 08:45:00,0,,"SLD10-MS-00","Peak CPU Load (%)",2022-01-21 08:45:00,0,,"SLD10-MS-00","Average CPU Load (%)",2022-01-21 08:45:00,0,,
"SLD10-MS-00","Minimum CPU Load (%)",2022-01-21 15:00:00,0,,"SLD10-MS-00","Peak CPU Load (%)",2022-01-21 15:00:00,0,,"SLD10-MS-00","Average CPU Load (%)",2022-01-21 15:00:00,0,,
"SLD10-MS-00","Minimum CPU Load (%)",2022-01-21 21:15:00,0,,"SLD10-MS-00","Peak CPU Load (%)",2022-01-21 21:15:00,0,,"SLD10-MS-00","Average CPU Load (%)",2022-01-21 21:15:00,0,,
"SLD10-MS-00","Minimum CPU Load (%)",2022-01-22 03:30:00,0,,"SLD10-MS-00","Peak CPU Load (%)",2022-01-22 03:30:00,0,,"SLD10-MS-00","Average CPU Load (%)",2022-01-22 03:30:00,0,,
"SLD10-MS-00","Minimum CPU Load (%)",2022-01-22 09:45:00,0,,"SLD10-MS-00","Peak CPU Load (%)",2022-01-22 09:45:00,0,,"SLD10-MS-00","Average CPU Load (%)",2022-01-22 09:45:00,0,,
"SLD10-MS-00","Minimum CPU Load (%)",2022-01-22 16:00:00,0,,"SLD10-MS-00","Peak CPU Load (%)",2022-01-22 16:00:00,0,,"SLD10-MS-00","Average CPU Load (%)",2022-01-22 16:00:00,0,,
"SLD10-MS-00","Minimum CPU Load (%)",2022-01-22 22:15:00,0,,"SLD10-MS-00","Peak CPU Load (%)",2022-01-22 22:15:00,0,,"SLD10-MS-00","Average CPU Load (%)",2022-01-22 22:15:00,0,,
"SLD10-MS-00","Minimum CPU Load (%)",2022-01-23 04:30:00,0,,"SLD10-MS-00","Peak CPU Load (%)",2022-01-23 04:30:00,0,,"SLD10-MS-00","Average CPU Load (%)",2022-01-23 04:30:00,0,,
"SLD10-MS-00","Minimum CPU Load (%)",2022-01-23 10:45:00,0,,"SLD10-MS-00","Peak CPU Load (%)",2022-01-23 10:45:00,0,,"SLD10-MS-00","Average CPU Load (%)",2022-01-23 10:45:00,0,,
"SLD10-MS-00","Minimum CPU Load (%)",2022-01-23 17:00:00,0,,"SLD10-MS-00","Peak CPU Load (%)",2022-01-23 17:00:00,0,,"SLD10-MS-00","Average CPU Load (%)",2022-01-23 17:00:00,0,,
"SLD10-MS-00","Minimum CPU Load (%)",2022-01-23 23:15:00,0,,"SLD10-MS-00","Peak CPU Load (%)",2022-01-23 23:15:00,0,,"SLD10-MS-00","Average CPU Load (%)",2022-01-23 23:15:00,0,,
"SLD10-MS-00","Minimum CPU Load (%)",2022-01-24 05:30:00,0,,"SLD10-MS-00","Peak CPU Load (%)",2022-01-24 05:30:00,0,,"SLD10-MS-00","Average CPU Load (%)",2022-01-24 05:30:00,0,,
"SLD10-MS-00","Minimum CPU Load (%)",2022-01-24 11:45:00,0,,"SLD10-MS-00","Peak CPU Load (%)",2022-01-24 11:45:00,0,,"SLD10-MS-00","Average CPU Load (%)",2022-01-24 11:45:00,0,,
"SLD10-MS-00","Minimum CPU Load (%)",2022-01-24 18:00:00,0,,"SLD10-MS-00","Peak CPU Load (%)",2022-01-24 18:00:00,0,,"SLD10-MS-00","Average CPU Load (%)",2022-01-24 18:00:00,0,,
"SLD10-MS-00","Minimum CPU Load (%)",2022-01-25 00:15:00,0,,"SLD10-MS-00","Peak CPU Load (%)",2022-01-25 00:15:00,1,,"SLD10-MS-00","Average CPU Load (%)",2022-01-25 00:15:00,0,,
"SLD10-MS-00","Minimum CPU Load (%)",2022-01-25 06:30:00,0,,"SLD10-MS-00","Peak CPU Load (%)",2022-01-25 06:30:00,1,,"SLD10-MS-00","Average CPU Load (%)",2022-01-25 06:30:00,0,,
"SLD10-MS-00","Minimum CPU Load (%)",2022-01-25 12:45:00,0,,"SLD10-MS-00","Peak CPU Load (%)",2022-01-25 12:45:00,1,,"SLD10-MS-00","Average CPU Load (%)",2022-01-25 12:45:00,0,,
"SLD10-MS-00","Minimum CPU Load (%)",2022-01-25 19:00:00,0,,"SLD10-MS-00","Peak CPU Load (%)",2022-01-25 19:00:00,1,,"SLD10-MS-00","Average CPU Load (%)",2022-01-25 19:00:00,0,,
"SLD10-MS-00","Minimum CPU Load (%)",2022-01-26 01:15:00,0,,"SLD10-MS-00","Peak CPU Load (%)",2022-01-26 01:15:00,1,,"SLD10-MS-00","Average CPU Load (%)",2022-01-26 01:15:00,0,,
"SLD10-MS-00","Minimum CPU Load (%)",2022-01-26 07:30:00,0,,"SLD10-MS-00","Peak CPU Load (%)",2022-01-26 07:30:00,1,,"SLD10-MS-00","Average CPU Load (%)",2022-01-26 07:30:00,0,,
"SLD10-MS-00","Minimum CPU Load (%)",2022-01-26 13:45:00,0,,"SLD10-MS-00","Peak CPU Load (%)",2022-01-26 13:45:00,1,,"SLD10-MS-00","Average CPU Load (%)",2022-01-26 13:45:00,0,,
"SLD10-MS-00","Minimum CPU Load (%)",2022-01-26 20:00:00,0,,"SLD10-MS-00","Peak CPU Load (%)",2022-01-26 20:00:00,1,,"SLD10-MS-00","Average CPU Load (%)",2022-01-26 20:00:00,0,,
"SLD10-MS-00","Minimum CPU Load (%)",2022-01-27 02:15:00,0,,"SLD10-MS-00","Peak CPU Load (%)",2022-01-27 02:15:00,1,,"SLD10-MS-00","Average CPU Load (%)",2022-01-27 02:15:00,0,,
"SLD10-MS-00","Minimum CPU Load (%)",2022-01-27 08:30:00,0,,"SLD10-MS-00","Peak CPU Load (%)",2022-01-27 08:30:00,1,,"SLD10-MS-00","Average CPU Load (%)",2022-01-27 08:30:00,0,,
"SLD10-MS-00","Minimum CPU Load (%)",2022-01-27 14:45:00,0,,"SLD10-MS-00","Peak CPU Load (%)",2022-01-27 14:45:00,1,,"SLD10-MS-00","Average CPU Load (%)",2022-01-27 14:45:00,0,,
"SLD10-MS-00","Minimum CPU Load (%)",2022-01-27 21:00:00,0,,"SLD10-MS-00","Peak CPU Load (%)",2022-01-27 21:00:00,1,,"SLD10-MS-00","Average CPU Load (%)",2022-01-27 21:00:00,0,,
"SLD10-MS-00","Minimum CPU Load (%)",2022-01-28 03:15:00,0,,"SLD10-MS-00","Peak CPU Load (%)",2022-01-28 03:15:00,1,,"SLD10-MS-00","Average CPU Load (%)",2022-01-28 03:15:00,0,,
"SLD10-MS-00","Minimum CPU Load (%)",2022-01-28 09:30:00,0,,"SLD10-MS-00","Peak CPU Load (%)",2022-01-28 09:30:00,1,,"SLD10-MS-00","Average CPU Load (%)",2022-01-28 09:30:00,0,,
"SLD10-MS-00","Minimum CPU Load (%)",2022-01-28 15:45:00,0,,"SLD10-MS-00","Peak CPU Load (%)",2022-01-28 15:45:00,1,,"SLD10-MS-00","Average CPU Load (%)",2022-01-28 15:45:00,0,,
"SLD10-MS-00","Minimum CPU Load (%)",2022-01-28 22:00:00,0,,"SLD10-MS-00","Peak CPU Load (%)",2022-01-28 22:00:00,1,,"SLD10-MS-00","Average CPU Load (%)",2022-01-28 22:00:00,0,,
"SLD10-MS-00","Minimum CPU Load (%)",2022-01-29 04:15:00,0,,"SLD10-MS-00","Peak CPU Load (%)",2022-01-29 04:15:00,1,,"SLD10-MS-00","Average CPU Load (%)",2022-01-29 04:15:00,0,,
"SLD10-MS-00","Minimum CPU Load (%)",2022-01-29 10:30:00,0,,"SLD10-MS-00","Peak CPU Load (%)",2022-01-29 10:30:00,1,,"SLD10-MS-00","Average CPU Load (%)",2022-01-29 10:30:00,0,,
"SLD10-MS-00","Minimum CPU Load (%)",2022-01-29 16:45:00,0,,"SLD10-MS-00","Peak CPU Load (%)",2022-01-29 16:45:00,1,,"SLD10-MS-00","Average CPU Load (%)",2022-01-29 16:45:00,0,,
"SLD10-MS-00","Minimum CPU Load (%)",2022-01-29 23:00:00,0,,"SLD10-MS-00","Peak CPU Load (%)",2022-01-29 23:00:00,2,,"SLD10-MS-00","Average CPU Load (%)",2022-01-29 23:00:00,0,,
"SLD10-MS-00","Minimum CPU Load (%)",2022-01-30 05:15:00,0,,"SLD10-MS-00","Peak CPU Load (%)",2022-01-30 05:15:00,0,,"SLD10-MS-00","Average CPU Load (%)",2022-01-30 05:15:00,0,,
"SLD10-MS-00","Minimum CPU Load (%)",2022-01-30 11:30:00,0,,"SLD10-MS-00","Peak CPU Load (%)",2022-01-30 11:30:00,0,,"SLD10-MS-00","Average CPU Load (%)",2022-01-30 11:30:00,0,,
"SLD10-MS-00","Minimum CPU Load (%)",2022-01-30 17:45:00,0,,"SLD10-MS-00","Peak CPU Load (%)",2022-01-30 17:45:00,0,,"SLD10-MS-00","Average CPU Load (%)",2022-01-30 17:45:00,0,,
"SLD10-MS-00","Minimum CPU Load (%)",2022-01-31 00:00:00,0,,"SLD10-MS-00","Peak CPU Load (%)",2022-01-31 00:00:00,0,,"SLD10-MS-00","Average CPU Load (%)",2022-01-31 00:00:00,0,,
"SLD10-MS-00","Minimum CPU Load (%)",2022-01-31 06:15:00,0,,"SLD10-MS-00","Peak CPU Load (%)",2022-01-31 06:15:00,0,,"SLD10-MS-00","Average CPU Load (%)",2022-01-31 06:15:00,0,,
"SLD10-MS-00","Minimum CPU Load (%)",2022-01-31 12:30:00,0,,"SLD10-MS-00","Peak CPU Load (%)",2022-01-31 12:30:00,0,,"SLD10-MS-00","Average CPU Load (%)",2022-01-31 12:30:00,0,,
"SLD10-MS-00","Minimum CPU Load (%)",2022-01-31 18:45:00,0,,"SLD10-MS-00","Peak CPU Load (%)",2022-01-31 18:45:00,0,,"SLD10-MS-00","Average CPU Load (%)",2022-01-31 18:45:00,0,,
"SLD10-MS-00","Minimum CPU Load (%)",2022-02-01 01:00:00,0,,"SLD10-MS-00","Peak CPU Load (%)",2022-02-01 01:00:00,0,,"SLD10-MS-00","Average CPU Load (%)",2022-02-01 01:00:00,0,,
"SLD10-MS-00","Minimum CPU Load (%)",2022-02-01 07:15:00,0,,"SLD10-MS-00","Peak CPU Load (%)",2022-02-01 07:15:00,0,,"SLD10-MS-00","Average CPU Load (%)",2022-02-01 07:15:00,0,,
"SLD10-MS-00","Minimum CPU Load (%)",2022-02-01 13:30:00,0,,"SLD10-MS-00","Peak CPU Load (%)",2022-02-01 13:30:00,0,,"SLD10-MS-00","Average CPU Load (%)",2022-02-01 13:30:00,0,,
"SLD10-MS-00","Minimum CPU Load (%)",2022-02-01 19:45:00,0,,"SLD10-MS-00","Peak CPU Load (%)",2022-02-01 19:45:00,0,,"SLD10-MS-00","Average CPU Load (%)",2022-02-01 19:45:00,0,,
"SLD10-MS-00","Minimum CPU Load (%)",2022-02-02 02:00:00,0,,"SLD10-MS-00","Peak CPU Load (%)",2022-02-02 02:00:00,0,,"SLD10-MS-00","Average CPU Load (%)",2022-02-02 02:00:00,0,,
"SLD10-MS-00","Minimum CPU Load (%)",2022-02-02 08:15:00,0,,"SLD10-MS-00","Peak CPU Load (%)",2022-02-02 08:15:00,0,,"SLD10-MS-00","Average CPU Load (%)",2022-02-02 08:15:00,0,,
"SLD10-MS-00","Minimum CPU Load (%)",2022-02-02 14:30:00,0,,"SLD10-MS-00","Peak CPU Load (%)",2022-02-02 14:30:00,0,,"SLD10-MS-00","Average CPU Load (%)",2022-02-02 14:30:00,0,,
"SLD10-MS-00","Minimum CPU Load (%)",2022-02-02 20:45:00,0,,"SLD10-MS-00","Peak CPU Load (%)",2022-02-02 20:45:00,0,,"SLD10-MS-00","Average CPU Load (%)",2022-02-02 20:45:00,0,,
"SLD10-MS-00","Minimum CPU Load (%)",2022-02-03 03:00:00,0,,"SLD10-MS-00","Peak CPU Load (%)",2022-02-03 03:00:00,0,,"SLD10-MS-00","Average CPU Load (%)",2022-02-03 03:00:00,0,,
"SLD10-MS-00","Minimum CPU Load (%)",2022-02-03 09:15:00,0,,"SLD10-MS-00","Peak CPU Load (%)",2022-02-03 09:15:00,0,,"SLD10-MS-00","Average CPU Load (%)",2022-02-03 09:15:00,0,,
"SLD10-MS-00","Minimum CPU Load (%)",2022-02-03 15:30:00,0,,"SLD10-MS-00","Peak CPU Load (%)",2022-02-03 15:30:00,0,,"SLD10-MS-00","Average CPU Load (%)",2022-02-03 15:30:00,0,,
"SLD10-MS-00","Minimum CPU Load (%)",2022-02-03 21:45:00,0,,"SLD10-MS-00","Peak CPU Load (%)",2022-02-03 21:45:00,0,,"SLD10-MS-00","Average CPU Load (%)",2022-02-03 21:45:00,0,,
"SLD10-MS-00","Minimum CPU Load (%)",2022-02-04 04:00:00,0,,"SLD10-MS-00","Peak CPU Load (%)",2022-02-04 04:00:00,0,,"SLD10-MS-00","Average CPU Load (%)",2022-02-04 04:00:00,0,,
"SLD10-MS-00","Minimum CPU Load (%)",2022-02-04 10:15:00,0,,"SLD10-MS-00","Peak CPU Load (%)",2022-02-04 10:15:00,0,,"SLD10-MS-00","Average CPU Load (%)",2022-02-04 10:15:00,0,,
"SLD10-MS-00","Minimum CPU Load (%)",2022-02-04 16:30:00,0,,"SLD10-MS-00","Peak CPU Load (%)",2022-02-04 16:30:00,0,,"SLD10-MS-00","Average CPU Load (%)",2022-02-04 16:30:00,0,,
"SLD10-MS-00","Minimum CPU Load (%)",2022-02-04 22:45:00,0,,"SLD10-MS-00","Peak CPU Load (%)",2022-02-04 22:45:00,0,,"SLD10-MS-00","Average CPU Load (%)",2022-02-04 22:45:00,0,,
"SLD10-MS-00","Minimum CPU Load (%)",2022-02-05 05:00:00,0,,"SLD10-MS-00","Peak CPU Load (%)",2022-02-05 05:00:00,0,,"SLD10-MS-00","Average CPU Load (%)",2022-02-05 05:00:00,0,,
"SLD10-MS-00","Minimum CPU Load (%)",2022-02-05 11:15:00,0,,"SLD10-MS-00","Peak CPU Load (%)",2022-02-05 11:15:00,0,,"SLD10-MS-00","Average CPU Load (%)",2022-02-05 11:15:00,0,,
"SLD10-MS-00","Minimum CPU Load (%)",2022-02-05 17:30:00,0,,"SLD10-MS-00","Peak CPU Load (%)",2022-02-05 17:30:00,0,,"SLD10-MS-00","Average CPU Load (%)",2022-02-05 17:30:00,0,,
"SLD10-MS-00","Minimum CPU Load (%)",2022-02-05 23:45:00,0,,"SLD10-MS-00","Peak CPU Load (%)",2022-02-05 23:45:00,0,,"SLD10-MS-00","Average CPU Load (%)",2022-02-05 23:45:00,0,,
"SLD10-MS-00","Minimum CPU Load (%)",2022-02-06 06:00:00,0,,"SLD10-MS-00","Peak CPU Load (%)",2022-02-06 06:00:00,0,,"SLD10-MS-00","Average CPU Load (%)",2022-02-06 06:00:00,0,,
"SLD10-MS-00","Minimum CPU Load (%)",2022-02-06 12:15:00,0,,"SLD10-MS-00","Peak CPU Load (%)",2022-02-06 12:15:00,0,,"SLD10-MS-00","Average CPU Load (%)",2022-02-06 12:15:00,0,,
"SLD10-MS-00","Minimum CPU Load (%)",2022-02-06 18:30:00,0,,"SLD10-MS-00","Peak CPU Load (%)",2022-02-06 18:30:00,0,,"SLD10-MS-00","Average CPU Load (%)",2022-02-06 18:30:00,0,,
"SLD10-MS-00","Minimum CPU Load (%)",2022-02-07 00:45:00,0,,"SLD10-MS-00","Peak CPU Load (%)",2022-02-07 00:45:00,0,,"SLD10-MS-00","Average CPU Load (%)",2022-02-07 00:45:00,0,,
"SLD10-MS-00","Minimum CPU Load (%)",2022-02-07 07:00:00,0,,"SLD10-MS-00","Peak CPU Load (%)",2022-02-07 07:00:00,0,,"SLD10-MS-00","Average CPU Load (%)",2022-02-07 07:00:00,0,,
"SLD10-MS-00","Minimum CPU Load (%)",2022-02-07 13:15:00,0,,"SLD10-MS-00","Peak CPU Load (%)",2022-02-07 13:15:00,0,,"SLD10-MS-00","Average CPU Load (%)",2022-02-07 13:15:00,0,,
"SLD10-MS-00","Minimum CPU Load (%)",2022-02-07 19:30:00,0,,"SLD10-MS-00","Peak CPU Load (%)",2022-02-07 19:30:00,0,,"SLD10-MS-00","Average CPU Load (%)",2022-02-07 19:30:00,0,,
"SLD10-MS-00","Minimum CPU Load (%)",2022-02-08 01:45:00,0,,"SLD10-MS-00","Peak CPU Load (%)",2022-02-08 01:45:00,0,,"SLD10-MS-00","Average CPU Load (%)",2022-02-08 01:45:00,0,,
"SLD10-MS-00","Minimum CPU Load (%)",2022-02-08 08:00:00,0,,"SLD10-MS-00","Peak CPU Load (%)",2022-02-08 08:00:00,0,,"SLD10-MS-00","Average CPU Load (%)",2022-02-08 08:00:00,0,,
"SLD10-MS-00","Minimum CPU Load (%)",2022-02-08 14:15:00,0,,"SLD10-MS-00","Peak CPU Load (%)",2022-02-08 14:15:00,0,,"SLD10-MS-00","Average CPU Load (%)",2022-02-08 14:15:00,0,,
"SLD10-MS-00","Minimum CPU Load (%)",2022-02-08 20:30:00,0,,"SLD10-MS-00","Peak CPU Load (%)",2022-02-08 20:30:00,0,,"SLD10-MS-00","Average CPU Load (%)",2022-02-08 20:30:00,0,,
"SLD10-MS-00","Minimum CPU Load (%)",2022-02-09 02:45:00,0,,"SLD10-MS-00","Peak CPU Load (%)",2022-02-09 02:45:00,0,,"SLD10-MS-00","Average CPU Load (%)",2022-02-09 02:45:00,0,,
"SLD10-MS-00","Minimum CPU Load (%)",2022-02-09 09:00:00,0,,"SLD10-MS-00","Peak CPU Load (%)",2022-02-09 09:00:00,0,,"SLD10-MS-00","Average CPU Load (%)",2022-02-09 09:00:00,0,,
"SLD10-MS-00","Minimum CPU Load (%)",2022-02-09 15:15:00,0,,"SLD10-MS-00","Peak CPU Load (%)",2022-02-09 15:15:00,0,,"SLD10-MS-00","Average CPU Load (%)",2022-02-09 15:15:00,0,,
"SLD10-MS-00","Minimum CPU Load (%)",2022-02-09 21:30:00,0,,"SLD10-MS-00","Peak CPU Load (%)",2022-02-09 21:30:00,0,,"SLD10-MS-00","Average CPU Load (%)",2022-02-09 21:30:00,0,,
"SLD10-MS-00","Minimum CPU Load (%)",2022-02-10 03:45:00,0,,"SLD10-MS-00","Peak CPU Load (%)",2022-02-10 03:45:00,0,,"SLD10-MS-00","Average CPU Load (%)",2022-02-10 03:45:00,0,,
"SLD10-MS-00","Minimum CPU Load (%)",2022-02-10 10:00:00,0,,"SLD10-MS-00","Peak CPU Load (%)",2022-02-10 10:00:00,0,,"SLD10-MS-00","Average CPU Load (%)",2022-02-10 10:00:00,0,,
"SLD10-MS-00","Minimum CPU Load (%)",2022-02-10 16:15:00,0,,"SLD10-MS-00","Peak CPU Load (%)",2022-02-10 16:15:00,0,,"SLD10-MS-00","Average CPU Load (%)",2022-02-10 16:15:00,0,,
"SLD10-MS-00","Minimum CPU Load (%)",2022-02-10 22:30:00,0,,"SLD10-MS-00","Peak CPU Load (%)",2022-02-10 22:30:00,0,,"SLD10-MS-00","Average CPU Load (%)",2022-02-10 22:30:00,0,,
"SLD10-MS-00","Minimum CPU Load (%)",2022-02-11 04:45:00,0,,"SLD10-MS-00","Peak CPU Load (%)",2022-02-11 04:45:00,0,,"SLD10-MS-00","Average CPU Load (%)",2022-02-11 04:45:00,0,,
"SLD10-MS-00","Minimum CPU Load (%)",2022-02-11 11:00:00,0,,"SLD10-MS-00","Peak CPU Load (%)",2022-02-11 11:00:00,0,,"SLD10-MS-00","Average CPU Load (%)",2022-02-11 11:00:00,0,,
"SLD10-MS-00","Minimum CPU Load (%)",2022-02-11 17:15:00,0,,"SLD10-MS-00","Peak CPU Load (%)",2022-02-11 17:15:00,0,,"SLD10-MS-00","Average CPU Load (%)",2022-02-11 17:15:00,0,,
"SLD10-MS-00","Minimum CPU Load (%)",2022-02-11 23:30:00,0,,"SLD10-MS-00","Peak CPU Load (%)",2022-02-11 23:30:00,0,,"SLD10-MS-00","Average CPU Load (%)",2022-02-11 23:30:00,0,,
"SLD10-MS-00","Minimum CPU Load (%)",2022-02-12 05:45:00,0,,"SLD10-MS-00","Peak CPU Load (%)",2022-02-12 05:45:00,0,,"SLD10-MS-00","Average CPU Load (%)",2022-02-12 05:45:00,0,,
"SLD10-MS-00","Minimum CPU Load (%)",2022-02-12 12:00:00,0,,"SLD10-MS-00","Peak CPU Load (%)",2022-02-12 12:00:00,0,,"SLD10-MS-00","Average CPU Load (%)",2022-02-12 12:00:00,0,,
"SLD10-MS-00","Minimum CPU Load (%)",2022-02-12 18:15:00,0,,"SLD10-MS-00","Peak CPU Load (%)",2022-02-12 18:15:00,0,,"SLD10-MS-00","Average CPU Load (%)",2022-02-12 18:15:00,0,,
"SLD10-MS-00","Minimum CPU Load (%)",2022-02-13 00:30:00,0,,"SLD10-MS-00","Peak CPU Load (%)",2022-02-13 00:30:00,0,,"SLD10-MS-00","Average CPU Load (%)",2022-02-13 00:30:00,0,,
"SLD10-MS-00","Minimum CPU Load (%)",2022-02-13 06:45:00,0,,"SLD10-MS-00","Peak CPU Load (%)",2022-02-13 06:45:00,0,,"SLD10-MS-00","Average CPU Load (%)",2022-02-13 06:45:00,0,,
"SLD10-MS-00","Minimum CPU Load (%)",2022-02-13 13:00:00,0,,"SLD10-MS-00","Peak CPU Load (%)",2022-02-13 13:00:00,0,,"SLD10-MS-00","Average CPU Load (%)",2022-02-13 13:00:00,0,,
"SLD10-MS-00","Minimum CPU Load (%)",2022-02-13 19:15:00,0,,"SLD10-MS-00","Peak CPU Load (%)",2022-02-13 19:15:00,0,,"SLD10-MS-00","Average CPU Load (%)",2022-02-13 19:15:00,0,,
"SLD10-MS-00","Minimum CPU Load (%)",2022-02-14 01:30:00,0,,"SLD10-MS-00","Peak CPU Load (%)",2022-02-14 01:30:00,0,,"SLD10-MS-00","Average CPU Load (%)",2022-02-14 01:30:00,0,,
"SLD10-MS-00","Minimum CPU Load (%)",2022-02-14 07:45:00,0,,"SLD10-MS-00","Peak CPU Load (%)",2022-02-14 07:45:00,0,,"SLD10-MS-00","Average CPU Load (%)",2022-02-14 07:45:00,0,,
"SLD10-MS-00","Minimum CPU Load (%)",2022-02-14 14:00:00,0,,"SLD10-MS-00","Peak CPU Load (%)",2022-02-14 14:00:00,0,,"SLD10-MS-00","Average CPU Load (%)",2022-02-14 14:00:00,0,,
"SLD10-MS-00","Minimum CPU Load (%)",2022-02-14 20:15:00,0,,"SLD10-MS-00","Peak CPU Load (%)",2022-02-14 20:15:00,0,,"SLD10-MS-00","Average CPU Load (%)",2022-02-14 20:15:00,0,,
"SLD10-MS-00","Minimum CPU Load (%)",2022-02-15 02:30:00,0,,"SLD10-MS-00","Peak CPU Load (%)",2022-02-15 02:30:00,0,,"SLD10-MS-00","Average CPU Load (%)",2022-02-15 02:30:00,0,,
"SLD10-MS-00","Minimum CPU Load (%)",2022-02-15 08:45:00,0,,"SLD10-MS-00","Peak CPU Load (%)",2022-02-15 08:45:00,0,,"SLD10-MS-00","Average CPU Load (%)",2022-02-15 08:45:00,0,,
"SLD10-MS-00","Minimum CPU Load (%)",2022-02-15 15:00:00,0,,"SLD10-MS-00","Peak CPU Load (%)",2022-02-15 15:00:00,0,,"SLD10-MS-00","Average CPU Load (%)",2022-02-15 15:00:00,0,,

