"New Analysis Project","=HYPERLINK(""https://solarwinds.une.com.co/ui/perfstack/?charts=0_Orion.Nodes_12812-Orion.CPULoad.MinMemoryUsed,0_Orion.Nodes_12812-Orion.CPULoad.MaxMemoryUsed,0_Orion.Nodes_12812-Orion.CPULoad.AvgMemoryUsed;&startTime=2021-12-15T21:19:00.000Z&endTime=2022-02-15T21:19:00.000Z"")"
Start,2021-12-15 16:19:00,End,2022-02-15 16:19:00

"Custom Chart"
Entity,Metric,Date/Time,Value,,Entity,Metric,Date/Time,Value,,Entity,Metric,Date/Time,Value,
"RNEC-MGT-01","Minimum Memory Used (B)",2021-12-16 00:00:00,10595536896,,"RNEC-MGT-01","Peak Memory Used (B)",2021-12-16 00:00:00,18693226496,,"RNEC-MGT-01","Average Memory Used (B)",2021-12-16 00:00:00,11734384221.430656,,
"RNEC-MGT-01","Minimum Memory Used (B)",2021-12-17 00:00:00,10862612480,,"RNEC-MGT-01","Peak Memory Used (B)",2021-12-17 00:00:00,16550875136,,"RNEC-MGT-01","Average Memory Used (B)",2021-12-17 00:00:00,11672120206.222221,,
"RNEC-MGT-01","Minimum Memory Used (B)",2021-12-18 00:00:00,10703323136,,"RNEC-MGT-01","Peak Memory Used (B)",2021-12-18 00:00:00,18320867328,,"RNEC-MGT-01","Average Memory Used (B)",2021-12-18 00:00:00,11808284956.444445,,
"RNEC-MGT-01","Minimum Memory Used (B)",2021-12-19 00:00:00,11989069824,,"RNEC-MGT-01","Peak Memory Used (B)",2021-12-19 00:00:00,19845058560,,"RNEC-MGT-01","Average Memory Used (B)",2021-12-19 00:00:00,12490950030.222221,,
"RNEC-MGT-01","Minimum Memory Used (B)",2021-12-20 00:00:00,10844602368,,"RNEC-MGT-01","Peak Memory Used (B)",2021-12-20 00:00:00,19812139008,,"RNEC-MGT-01","Average Memory Used (B)",2021-12-20 00:00:00,12061993187.555555,,
"RNEC-MGT-01","Minimum Memory Used (B)",2021-12-21 00:00:00,11008180224,,"RNEC-MGT-01","Peak Memory Used (B)",2021-12-21 00:00:00,19228307456,,"RNEC-MGT-01","Average Memory Used (B)",2021-12-21 00:00:00,11860860899.555555,,
"RNEC-MGT-01","Minimum Memory Used (B)",2021-12-22 00:00:00,10972946432,,"RNEC-MGT-01","Peak Memory Used (B)",2021-12-22 00:00:00,18859147264,,"RNEC-MGT-01","Average Memory Used (B)",2021-12-22 00:00:00,11638990250.666666,,
"RNEC-MGT-01","Minimum Memory Used (B)",2021-12-23 00:00:00,10872373248,,"RNEC-MGT-01","Peak Memory Used (B)",2021-12-23 00:00:00,18651648000,,"RNEC-MGT-01","Average Memory Used (B)",2021-12-23 00:00:00,11720515011.132868,,
"RNEC-MGT-01","Minimum Memory Used (B)",2021-12-24 00:00:00,10452402176,,"RNEC-MGT-01","Peak Memory Used (B)",2021-12-24 00:00:00,19436118016,,"RNEC-MGT-01","Average Memory Used (B)",2021-12-24 00:00:00,11655806691.555555,,
"RNEC-MGT-01","Minimum Memory Used (B)",2021-12-25 00:00:00,10721456128,,"RNEC-MGT-01","Peak Memory Used (B)",2021-12-25 00:00:00,18535321600,,"RNEC-MGT-01","Average Memory Used (B)",2021-12-25 00:00:00,11505477717.333334,,
"RNEC-MGT-01","Minimum Memory Used (B)",2021-12-26 00:00:00,10880983040,,"RNEC-MGT-01","Peak Memory Used (B)",2021-12-26 00:00:00,18181955584,,"RNEC-MGT-01","Average Memory Used (B)",2021-12-26 00:00:00,11362852778.06993,,
"RNEC-MGT-01","Minimum Memory Used (B)",2021-12-27 00:00:00,10551869440,,"RNEC-MGT-01","Peak Memory Used (B)",2021-12-27 00:00:00,18638737408,,"RNEC-MGT-01","Average Memory Used (B)",2021-12-27 00:00:00,11503992459.636364,,
"RNEC-MGT-01","Minimum Memory Used (B)",2021-12-28 00:00:00,10748055552,,"RNEC-MGT-01","Peak Memory Used (B)",2021-12-28 00:00:00,18644656128,,"RNEC-MGT-01","Average Memory Used (B)",2021-12-28 00:00:00,11825544704,,
"RNEC-MGT-01","Minimum Memory Used (B)",2021-12-29 00:00:00,11264753664,,"RNEC-MGT-01","Peak Memory Used (B)",2021-12-29 00:00:00,18738495488,,"RNEC-MGT-01","Average Memory Used (B)",2021-12-29 00:00:00,11895300892.444445,,
"RNEC-MGT-01","Minimum Memory Used (B)",2021-12-30 00:00:00,11167932416,,"RNEC-MGT-01","Peak Memory Used (B)",2021-12-30 00:00:00,18351804416,,"RNEC-MGT-01","Average Memory Used (B)",2021-12-30 00:00:00,12029346503.11111,,
"RNEC-MGT-01","Minimum Memory Used (B)",2021-12-31 00:00:00,10951020544,,"RNEC-MGT-01","Peak Memory Used (B)",2021-12-31 00:00:00,19689590784,,"RNEC-MGT-01","Average Memory Used (B)",2021-12-31 00:00:00,12049637888,,
"RNEC-MGT-01","Minimum Memory Used (B)",2022-01-01 00:00:00,11663196160,,"RNEC-MGT-01","Peak Memory Used (B)",2022-01-01 00:00:00,18049196032,,"RNEC-MGT-01","Average Memory Used (B)",2022-01-01 00:00:00,12246569898.666666,,
"RNEC-MGT-01","Minimum Memory Used (B)",2022-01-02 00:00:00,11513999360,,"RNEC-MGT-01","Peak Memory Used (B)",2022-01-02 00:00:00,19004727296,,"RNEC-MGT-01","Average Memory Used (B)",2022-01-02 00:00:00,12265756501.333334,,
"RNEC-MGT-01","Minimum Memory Used (B)",2022-01-03 00:00:00,10944585728,,"RNEC-MGT-01","Peak Memory Used (B)",2022-01-03 00:00:00,19449241600,,"RNEC-MGT-01","Average Memory Used (B)",2022-01-03 00:00:00,12325313848.88889,,
"RNEC-MGT-01","Minimum Memory Used (B)",2022-01-04 00:00:00,10817228800,,"RNEC-MGT-01","Peak Memory Used (B)",2022-01-04 00:00:00,19306557440,,"RNEC-MGT-01","Average Memory Used (B)",2022-01-04 00:00:00,12440514560,,
"RNEC-MGT-01","Minimum Memory Used (B)",2022-01-05 00:00:00,11253301248,,"RNEC-MGT-01","Peak Memory Used (B)",2022-01-05 00:00:00,19783618560,,"RNEC-MGT-01","Average Memory Used (B)",2022-01-05 00:00:00,12550688398.222221,,
"RNEC-MGT-01","Minimum Memory Used (B)",2022-01-06 00:00:00,11398299648,,"RNEC-MGT-01","Peak Memory Used (B)",2022-01-06 00:00:00,19772256256,,"RNEC-MGT-01","Average Memory Used (B)",2022-01-06 00:00:00,12983097514.666666,,
"RNEC-MGT-01","Minimum Memory Used (B)",2022-01-07 00:00:00,11762958336,,"RNEC-MGT-01","Peak Memory Used (B)",2022-01-07 00:00:00,19674324992,,"RNEC-MGT-01","Average Memory Used (B)",2022-01-07 00:00:00,12684292892.444445,,
"RNEC-MGT-01","Minimum Memory Used (B)",2022-01-08 00:00:00,12167241728,,"RNEC-MGT-01","Peak Memory Used (B)",2022-01-08 00:00:00,19116003328,,"RNEC-MGT-01","Average Memory Used (B)",2022-01-08 00:00:00,12867708444.444445,,
"RNEC-MGT-01","Minimum Memory Used (B)",2022-01-09 00:00:00,12123160576,,"RNEC-MGT-01","Peak Memory Used (B)",2022-01-09 00:00:00,19956264960,,"RNEC-MGT-01","Average Memory Used (B)",2022-01-09 00:00:00,12771135829.333334,,
"RNEC-MGT-01","Minimum Memory Used (B)",2022-01-10 00:00:00,11664261120,,"RNEC-MGT-01","Peak Memory Used (B)",2022-01-10 00:00:00,18444492800,,"RNEC-MGT-01","Average Memory Used (B)",2022-01-10 00:00:00,12686626901.333334,,
"RNEC-MGT-01","Minimum Memory Used (B)",2022-01-11 00:00:00,11673956352,,"RNEC-MGT-01","Peak Memory Used (B)",2022-01-11 00:00:00,18942529536,,"RNEC-MGT-01","Average Memory Used (B)",2022-01-11 00:00:00,13011647914.666666,,
"RNEC-MGT-01","Minimum Memory Used (B)",2022-01-12 00:00:00,12542500864,,"RNEC-MGT-01","Peak Memory Used (B)",2022-01-12 00:00:00,20269522944,,"RNEC-MGT-01","Average Memory Used (B)",2022-01-12 00:00:00,13166640384,,
"RNEC-MGT-01","Minimum Memory Used (B)",2022-01-13 00:00:00,11845079040,,"RNEC-MGT-01","Peak Memory Used (B)",2022-01-13 00:00:00,19592597504,,"RNEC-MGT-01","Average Memory Used (B)",2022-01-13 00:00:00,13107201718.601398,,
"RNEC-MGT-01","Minimum Memory Used (B)",2022-01-14 00:00:00,11488690176,,"RNEC-MGT-01","Peak Memory Used (B)",2022-01-14 00:00:00,20121640960,,"RNEC-MGT-01","Average Memory Used (B)",2022-01-14 00:00:00,13428714432,,
"RNEC-MGT-01","Minimum Memory Used (B)",2022-02-14 10:42:11,11192225792,,"RNEC-MGT-01","Peak Memory Used (B)",2022-02-14 10:42:11,11192225792,,"RNEC-MGT-01","Average Memory Used (B)",2022-02-14 10:42:11,11192225792,,
"RNEC-MGT-01","Minimum Memory Used (B)",2022-02-14 10:52:11,10378993664,,"RNEC-MGT-01","Peak Memory Used (B)",2022-02-14 10:52:11,10378993664,,"RNEC-MGT-01","Average Memory Used (B)",2022-02-14 10:52:11,10378993664,,
"RNEC-MGT-01","Minimum Memory Used (B)",2022-02-14 11:02:11,10588901376,,"RNEC-MGT-01","Peak Memory Used (B)",2022-02-14 11:02:11,10588901376,,"RNEC-MGT-01","Average Memory Used (B)",2022-02-14 11:02:11,10588901376,,
"RNEC-MGT-01","Minimum Memory Used (B)",2022-02-14 11:12:11,10385997824,,"RNEC-MGT-01","Peak Memory Used (B)",2022-02-14 11:12:11,10385997824,,"RNEC-MGT-01","Average Memory Used (B)",2022-02-14 11:12:11,10385997824,,
"RNEC-MGT-01","Minimum Memory Used (B)",2022-02-14 11:22:11,10427572224,,"RNEC-MGT-01","Peak Memory Used (B)",2022-02-14 11:22:11,10427572224,,"RNEC-MGT-01","Average Memory Used (B)",2022-02-14 11:22:11,10427572224,,
"RNEC-MGT-01","Minimum Memory Used (B)",2022-02-14 11:32:11,10388336640,,"RNEC-MGT-01","Peak Memory Used (B)",2022-02-14 11:32:11,10388336640,,"RNEC-MGT-01","Average Memory Used (B)",2022-02-14 11:32:11,10388336640,,
"RNEC-MGT-01","Minimum Memory Used (B)",2022-02-14 11:42:11,10353418240,,"RNEC-MGT-01","Peak Memory Used (B)",2022-02-14 11:42:11,10353418240,,"RNEC-MGT-01","Average Memory Used (B)",2022-02-14 11:42:11,10353418240,,
"RNEC-MGT-01","Minimum Memory Used (B)",2022-02-14 11:52:11,10363678720,,"RNEC-MGT-01","Peak Memory Used (B)",2022-02-14 11:52:11,10363678720,,"RNEC-MGT-01","Average Memory Used (B)",2022-02-14 11:52:11,10363678720,,
"RNEC-MGT-01","Minimum Memory Used (B)",2022-02-14 12:02:11,10616934400,,"RNEC-MGT-01","Peak Memory Used (B)",2022-02-14 12:02:11,10616934400,,"RNEC-MGT-01","Average Memory Used (B)",2022-02-14 12:02:11,10616934400,,
"RNEC-MGT-01","Minimum Memory Used (B)",2022-02-14 12:12:11,11097075712,,"RNEC-MGT-01","Peak Memory Used (B)",2022-02-14 12:12:11,11097075712,,"RNEC-MGT-01","Average Memory Used (B)",2022-02-14 12:12:11,11097075712,,
"RNEC-MGT-01","Minimum Memory Used (B)",2022-02-14 12:22:11,10365153280,,"RNEC-MGT-01","Peak Memory Used (B)",2022-02-14 12:22:11,10365153280,,"RNEC-MGT-01","Average Memory Used (B)",2022-02-14 12:22:11,10365153280,,
"RNEC-MGT-01","Minimum Memory Used (B)",2022-02-14 12:32:11,10477535232,,"RNEC-MGT-01","Peak Memory Used (B)",2022-02-14 12:32:11,10477535232,,"RNEC-MGT-01","Average Memory Used (B)",2022-02-14 12:32:11,10477535232,,
"RNEC-MGT-01","Minimum Memory Used (B)",2022-02-14 12:42:11,10465468416,,"RNEC-MGT-01","Peak Memory Used (B)",2022-02-14 12:42:11,10465468416,,"RNEC-MGT-01","Average Memory Used (B)",2022-02-14 12:42:11,10465468416,,
"RNEC-MGT-01","Minimum Memory Used (B)",2022-02-14 12:52:11,10348670976,,"RNEC-MGT-01","Peak Memory Used (B)",2022-02-14 12:52:11,10348670976,,"RNEC-MGT-01","Average Memory Used (B)",2022-02-14 12:52:11,10348670976,,
"RNEC-MGT-01","Minimum Memory Used (B)",2022-02-14 13:02:11,10375462912,,"RNEC-MGT-01","Peak Memory Used (B)",2022-02-14 13:02:11,10375462912,,"RNEC-MGT-01","Average Memory Used (B)",2022-02-14 13:02:11,10375462912,,
"RNEC-MGT-01","Minimum Memory Used (B)",2022-02-14 13:12:11,10321698816,,"RNEC-MGT-01","Peak Memory Used (B)",2022-02-14 13:12:11,10321698816,,"RNEC-MGT-01","Average Memory Used (B)",2022-02-14 13:12:11,10321698816,,
"RNEC-MGT-01","Minimum Memory Used (B)",2022-02-14 13:22:11,10339655680,,"RNEC-MGT-01","Peak Memory Used (B)",2022-02-14 13:22:11,10339655680,,"RNEC-MGT-01","Average Memory Used (B)",2022-02-14 13:22:11,10339655680,,
"RNEC-MGT-01","Minimum Memory Used (B)",2022-02-14 13:32:11,10335956992,,"RNEC-MGT-01","Peak Memory Used (B)",2022-02-14 13:32:11,10335956992,,"RNEC-MGT-01","Average Memory Used (B)",2022-02-14 13:32:11,10335956992,,
"RNEC-MGT-01","Minimum Memory Used (B)",2022-02-14 13:42:11,10307883008,,"RNEC-MGT-01","Peak Memory Used (B)",2022-02-14 13:42:11,10307883008,,"RNEC-MGT-01","Average Memory Used (B)",2022-02-14 13:42:11,10307883008,,
"RNEC-MGT-01","Minimum Memory Used (B)",2022-02-14 13:52:11,10333863936,,"RNEC-MGT-01","Peak Memory Used (B)",2022-02-14 13:52:11,10333863936,,"RNEC-MGT-01","Average Memory Used (B)",2022-02-14 13:52:11,10333863936,,
"RNEC-MGT-01","Minimum Memory Used (B)",2022-02-14 14:02:11,10944266240,,"RNEC-MGT-01","Peak Memory Used (B)",2022-02-14 14:02:11,10944266240,,"RNEC-MGT-01","Average Memory Used (B)",2022-02-14 14:02:11,10944266240,,
"RNEC-MGT-01","Minimum Memory Used (B)",2022-02-14 14:12:11,10993565696,,"RNEC-MGT-01","Peak Memory Used (B)",2022-02-14 14:12:11,10993565696,,"RNEC-MGT-01","Average Memory Used (B)",2022-02-14 14:12:11,10993565696,,
"RNEC-MGT-01","Minimum Memory Used (B)",2022-02-14 14:22:11,10329931776,,"RNEC-MGT-01","Peak Memory Used (B)",2022-02-14 14:22:11,10329931776,,"RNEC-MGT-01","Average Memory Used (B)",2022-02-14 14:22:11,10329931776,,
"RNEC-MGT-01","Minimum Memory Used (B)",2022-02-14 14:32:11,10318925824,,"RNEC-MGT-01","Peak Memory Used (B)",2022-02-14 14:32:11,10318925824,,"RNEC-MGT-01","Average Memory Used (B)",2022-02-14 14:32:11,10318925824,,
"RNEC-MGT-01","Minimum Memory Used (B)",2022-02-14 14:42:11,10286792704,,"RNEC-MGT-01","Peak Memory Used (B)",2022-02-14 14:42:11,10286792704,,"RNEC-MGT-01","Average Memory Used (B)",2022-02-14 14:42:11,10286792704,,
"RNEC-MGT-01","Minimum Memory Used (B)",2022-02-14 14:52:11,10316681216,,"RNEC-MGT-01","Peak Memory Used (B)",2022-02-14 14:52:11,10316681216,,"RNEC-MGT-01","Average Memory Used (B)",2022-02-14 14:52:11,10316681216,,
"RNEC-MGT-01","Minimum Memory Used (B)",2022-02-14 15:02:11,10391814144,,"RNEC-MGT-01","Peak Memory Used (B)",2022-02-14 15:02:11,10391814144,,"RNEC-MGT-01","Average Memory Used (B)",2022-02-14 15:02:11,10391814144,,
"RNEC-MGT-01","Minimum Memory Used (B)",2022-02-14 15:12:11,10333159424,,"RNEC-MGT-01","Peak Memory Used (B)",2022-02-14 15:12:11,10333159424,,"RNEC-MGT-01","Average Memory Used (B)",2022-02-14 15:12:11,10333159424,,
"RNEC-MGT-01","Minimum Memory Used (B)",2022-02-14 15:22:11,10413932544,,"RNEC-MGT-01","Peak Memory Used (B)",2022-02-14 15:22:11,10413932544,,"RNEC-MGT-01","Average Memory Used (B)",2022-02-14 15:22:11,10413932544,,
"RNEC-MGT-01","Minimum Memory Used (B)",2022-02-14 15:32:11,10417496064,,"RNEC-MGT-01","Peak Memory Used (B)",2022-02-14 15:32:11,10417496064,,"RNEC-MGT-01","Average Memory Used (B)",2022-02-14 15:32:11,10417496064,,
"RNEC-MGT-01","Minimum Memory Used (B)",2022-02-14 15:42:11,10369863680,,"RNEC-MGT-01","Peak Memory Used (B)",2022-02-14 15:42:11,10369863680,,"RNEC-MGT-01","Average Memory Used (B)",2022-02-14 15:42:11,10369863680,,
"RNEC-MGT-01","Minimum Memory Used (B)",2022-02-14 15:52:11,10397360128,,"RNEC-MGT-01","Peak Memory Used (B)",2022-02-14 15:52:11,10397360128,,"RNEC-MGT-01","Average Memory Used (B)",2022-02-14 15:52:11,10397360128,,
"RNEC-MGT-01","Minimum Memory Used (B)",2022-02-14 16:02:11,10418606080,,"RNEC-MGT-01","Peak Memory Used (B)",2022-02-14 16:02:11,10418606080,,"RNEC-MGT-01","Average Memory Used (B)",2022-02-14 16:02:11,10418606080,,
"RNEC-MGT-01","Minimum Memory Used (B)",2022-02-14 16:12:11,10424188928,,"RNEC-MGT-01","Peak Memory Used (B)",2022-02-14 16:12:11,10424188928,,"RNEC-MGT-01","Average Memory Used (B)",2022-02-14 16:12:11,10424188928,,
"RNEC-MGT-01","Minimum Memory Used (B)",2022-02-14 16:22:11,10405195776,,"RNEC-MGT-01","Peak Memory Used (B)",2022-02-14 16:22:11,10405195776,,"RNEC-MGT-01","Average Memory Used (B)",2022-02-14 16:22:11,10405195776,,
"RNEC-MGT-01","Minimum Memory Used (B)",2022-02-14 16:32:11,10405244928,,"RNEC-MGT-01","Peak Memory Used (B)",2022-02-14 16:32:11,10405244928,,"RNEC-MGT-01","Average Memory Used (B)",2022-02-14 16:32:11,10405244928,,
"RNEC-MGT-01","Minimum Memory Used (B)",2022-02-14 16:42:11,10363981824,,"RNEC-MGT-01","Peak Memory Used (B)",2022-02-14 16:42:11,10363981824,,"RNEC-MGT-01","Average Memory Used (B)",2022-02-14 16:42:11,10363981824,,
"RNEC-MGT-01","Minimum Memory Used (B)",2022-02-14 16:52:11,10392166400,,"RNEC-MGT-01","Peak Memory Used (B)",2022-02-14 16:52:11,10392166400,,"RNEC-MGT-01","Average Memory Used (B)",2022-02-14 16:52:11,10392166400,,
"RNEC-MGT-01","Minimum Memory Used (B)",2022-02-14 17:02:11,10427363328,,"RNEC-MGT-01","Peak Memory Used (B)",2022-02-14 17:02:11,10427363328,,"RNEC-MGT-01","Average Memory Used (B)",2022-02-14 17:02:11,10427363328,,
"RNEC-MGT-01","Minimum Memory Used (B)",2022-02-14 17:12:11,10417192960,,"RNEC-MGT-01","Peak Memory Used (B)",2022-02-14 17:12:11,10417192960,,"RNEC-MGT-01","Average Memory Used (B)",2022-02-14 17:12:11,10417192960,,
"RNEC-MGT-01","Minimum Memory Used (B)",2022-02-14 17:22:11,10503327744,,"RNEC-MGT-01","Peak Memory Used (B)",2022-02-14 17:22:11,10503327744,,"RNEC-MGT-01","Average Memory Used (B)",2022-02-14 17:22:11,10503327744,,
"RNEC-MGT-01","Minimum Memory Used (B)",2022-02-14 17:32:11,10443530240,,"RNEC-MGT-01","Peak Memory Used (B)",2022-02-14 17:32:11,10443530240,,"RNEC-MGT-01","Average Memory Used (B)",2022-02-14 17:32:11,10443530240,,
"RNEC-MGT-01","Minimum Memory Used (B)",2022-02-14 17:42:11,10422435840,,"RNEC-MGT-01","Peak Memory Used (B)",2022-02-14 17:42:11,10422435840,,"RNEC-MGT-01","Average Memory Used (B)",2022-02-14 17:42:11,10422435840,,
"RNEC-MGT-01","Minimum Memory Used (B)",2022-02-14 17:52:11,10464788480,,"RNEC-MGT-01","Peak Memory Used (B)",2022-02-14 17:52:11,10464788480,,"RNEC-MGT-01","Average Memory Used (B)",2022-02-14 17:52:11,10464788480,,
"RNEC-MGT-01","Minimum Memory Used (B)",2022-02-14 18:02:11,11839778816,,"RNEC-MGT-01","Peak Memory Used (B)",2022-02-14 18:02:11,11839778816,,"RNEC-MGT-01","Average Memory Used (B)",2022-02-14 18:02:11,11839778816,,
"RNEC-MGT-01","Minimum Memory Used (B)",2022-02-14 18:12:11,10869985280,,"RNEC-MGT-01","Peak Memory Used (B)",2022-02-14 18:12:11,10869985280,,"RNEC-MGT-01","Average Memory Used (B)",2022-02-14 18:12:11,10869985280,,
"RNEC-MGT-01","Minimum Memory Used (B)",2022-02-14 18:22:11,10883870720,,"RNEC-MGT-01","Peak Memory Used (B)",2022-02-14 18:22:11,10883870720,,"RNEC-MGT-01","Average Memory Used (B)",2022-02-14 18:22:11,10883870720,,
"RNEC-MGT-01","Minimum Memory Used (B)",2022-02-14 18:32:11,10941378560,,"RNEC-MGT-01","Peak Memory Used (B)",2022-02-14 18:32:11,10941378560,,"RNEC-MGT-01","Average Memory Used (B)",2022-02-14 18:32:11,10941378560,,
"RNEC-MGT-01","Minimum Memory Used (B)",2022-02-14 18:42:11,10364198912,,"RNEC-MGT-01","Peak Memory Used (B)",2022-02-14 18:42:11,10364198912,,"RNEC-MGT-01","Average Memory Used (B)",2022-02-14 18:42:11,10364198912,,
"RNEC-MGT-01","Minimum Memory Used (B)",2022-02-14 18:52:11,10432720896,,"RNEC-MGT-01","Peak Memory Used (B)",2022-02-14 18:52:11,10432720896,,"RNEC-MGT-01","Average Memory Used (B)",2022-02-14 18:52:11,10432720896,,
"RNEC-MGT-01","Minimum Memory Used (B)",2022-02-14 19:02:11,10656280576,,"RNEC-MGT-01","Peak Memory Used (B)",2022-02-14 19:02:11,10656280576,,"RNEC-MGT-01","Average Memory Used (B)",2022-02-14 19:02:11,10656280576,,
"RNEC-MGT-01","Minimum Memory Used (B)",2022-02-14 19:12:11,10671730688,,"RNEC-MGT-01","Peak Memory Used (B)",2022-02-14 19:12:11,10671730688,,"RNEC-MGT-01","Average Memory Used (B)",2022-02-14 19:12:11,10671730688,,
"RNEC-MGT-01","Minimum Memory Used (B)",2022-02-14 19:22:11,10602393600,,"RNEC-MGT-01","Peak Memory Used (B)",2022-02-14 19:22:11,10602393600,,"RNEC-MGT-01","Average Memory Used (B)",2022-02-14 19:22:11,10602393600,,
"RNEC-MGT-01","Minimum Memory Used (B)",2022-02-14 19:32:11,10550599680,,"RNEC-MGT-01","Peak Memory Used (B)",2022-02-14 19:32:11,10550599680,,"RNEC-MGT-01","Average Memory Used (B)",2022-02-14 19:32:11,10550599680,,
"RNEC-MGT-01","Minimum Memory Used (B)",2022-02-14 19:42:11,10570031104,,"RNEC-MGT-01","Peak Memory Used (B)",2022-02-14 19:42:11,10570031104,,"RNEC-MGT-01","Average Memory Used (B)",2022-02-14 19:42:11,10570031104,,
"RNEC-MGT-01","Minimum Memory Used (B)",2022-02-14 19:52:11,10564714496,,"RNEC-MGT-01","Peak Memory Used (B)",2022-02-14 19:52:11,10564714496,,"RNEC-MGT-01","Average Memory Used (B)",2022-02-14 19:52:11,10564714496,,
"RNEC-MGT-01","Minimum Memory Used (B)",2022-02-14 20:02:11,10610384896,,"RNEC-MGT-01","Peak Memory Used (B)",2022-02-14 20:02:11,10610384896,,"RNEC-MGT-01","Average Memory Used (B)",2022-02-14 20:02:11,10610384896,,
"RNEC-MGT-01","Minimum Memory Used (B)",2022-02-14 20:12:11,10696855552,,"RNEC-MGT-01","Peak Memory Used (B)",2022-02-14 20:12:11,10696855552,,"RNEC-MGT-01","Average Memory Used (B)",2022-02-14 20:12:11,10696855552,,
"RNEC-MGT-01","Minimum Memory Used (B)",2022-02-14 20:22:11,10665553920,,"RNEC-MGT-01","Peak Memory Used (B)",2022-02-14 20:22:11,10665553920,,"RNEC-MGT-01","Average Memory Used (B)",2022-02-14 20:22:11,10665553920,,
"RNEC-MGT-01","Minimum Memory Used (B)",2022-02-14 20:32:11,10651942912,,"RNEC-MGT-01","Peak Memory Used (B)",2022-02-14 20:32:11,10651942912,,"RNEC-MGT-01","Average Memory Used (B)",2022-02-14 20:32:11,10651942912,,
"RNEC-MGT-01","Minimum Memory Used (B)",2022-02-14 20:42:11,10622300160,,"RNEC-MGT-01","Peak Memory Used (B)",2022-02-14 20:42:11,10622300160,,"RNEC-MGT-01","Average Memory Used (B)",2022-02-14 20:42:11,10622300160,,
"RNEC-MGT-01","Minimum Memory Used (B)",2022-02-14 20:52:11,10639904768,,"RNEC-MGT-01","Peak Memory Used (B)",2022-02-14 20:52:11,10639904768,,"RNEC-MGT-01","Average Memory Used (B)",2022-02-14 20:52:11,10639904768,,
"RNEC-MGT-01","Minimum Memory Used (B)",2022-02-14 21:02:11,9503752192,,"RNEC-MGT-01","Peak Memory Used (B)",2022-02-14 21:02:11,9503752192,,"RNEC-MGT-01","Average Memory Used (B)",2022-02-14 21:02:11,9503752192,,
"RNEC-MGT-01","Minimum Memory Used (B)",2022-02-14 21:20:28,10052182016,,"RNEC-MGT-01","Peak Memory Used (B)",2022-02-14 21:20:28,10052182016,,"RNEC-MGT-01","Average Memory Used (B)",2022-02-14 21:20:28,10052182016,,
"RNEC-MGT-01","Minimum Memory Used (B)",2022-02-14 21:30:28,10359054336,,"RNEC-MGT-01","Peak Memory Used (B)",2022-02-14 21:30:28,10359054336,,"RNEC-MGT-01","Average Memory Used (B)",2022-02-14 21:30:28,10359054336,,
"RNEC-MGT-01","Minimum Memory Used (B)",2022-02-14 21:40:28,10876833792,,"RNEC-MGT-01","Peak Memory Used (B)",2022-02-14 21:40:28,10876833792,,"RNEC-MGT-01","Average Memory Used (B)",2022-02-14 21:40:28,10876833792,,
"RNEC-MGT-01","Minimum Memory Used (B)",2022-02-14 21:50:28,16328773632,,"RNEC-MGT-01","Peak Memory Used (B)",2022-02-14 21:50:28,16328773632,,"RNEC-MGT-01","Average Memory Used (B)",2022-02-14 21:50:28,16328773632,,
"RNEC-MGT-01","Minimum Memory Used (B)",2022-02-14 22:00:28,14705946624,,"RNEC-MGT-01","Peak Memory Used (B)",2022-02-14 22:00:28,14705946624,,"RNEC-MGT-01","Average Memory Used (B)",2022-02-14 22:00:28,14705946624,,
"RNEC-MGT-01","Minimum Memory Used (B)",2022-02-14 22:10:28,12583526400,,"RNEC-MGT-01","Peak Memory Used (B)",2022-02-14 22:10:28,12583526400,,"RNEC-MGT-01","Average Memory Used (B)",2022-02-14 22:10:28,12583526400,,
"RNEC-MGT-01","Minimum Memory Used (B)",2022-02-14 22:20:28,12600156160,,"RNEC-MGT-01","Peak Memory Used (B)",2022-02-14 22:20:28,12600156160,,"RNEC-MGT-01","Average Memory Used (B)",2022-02-14 22:20:28,12600156160,,
"RNEC-MGT-01","Minimum Memory Used (B)",2022-02-14 22:30:28,12600725504,,"RNEC-MGT-01","Peak Memory Used (B)",2022-02-14 22:30:28,12600725504,,"RNEC-MGT-01","Average Memory Used (B)",2022-02-14 22:30:28,12600725504,,
"RNEC-MGT-01","Minimum Memory Used (B)",2022-02-14 22:40:28,12602294272,,"RNEC-MGT-01","Peak Memory Used (B)",2022-02-14 22:40:28,12602294272,,"RNEC-MGT-01","Average Memory Used (B)",2022-02-14 22:40:28,12602294272,,
"RNEC-MGT-01","Minimum Memory Used (B)",2022-02-14 22:50:28,12632825856,,"RNEC-MGT-01","Peak Memory Used (B)",2022-02-14 22:50:28,12632825856,,"RNEC-MGT-01","Average Memory Used (B)",2022-02-14 22:50:28,12632825856,,
"RNEC-MGT-01","Minimum Memory Used (B)",2022-02-14 23:00:28,12700590080,,"RNEC-MGT-01","Peak Memory Used (B)",2022-02-14 23:00:28,12700590080,,"RNEC-MGT-01","Average Memory Used (B)",2022-02-14 23:00:28,12700590080,,
"RNEC-MGT-01","Minimum Memory Used (B)",2022-02-14 23:10:28,12714733568,,"RNEC-MGT-01","Peak Memory Used (B)",2022-02-14 23:10:28,12714733568,,"RNEC-MGT-01","Average Memory Used (B)",2022-02-14 23:10:28,12714733568,,
"RNEC-MGT-01","Minimum Memory Used (B)",2022-02-14 23:20:28,12737466368,,"RNEC-MGT-01","Peak Memory Used (B)",2022-02-14 23:20:28,12737466368,,"RNEC-MGT-01","Average Memory Used (B)",2022-02-14 23:20:28,12737466368,,
"RNEC-MGT-01","Minimum Memory Used (B)",2022-02-14 23:30:28,12741705728,,"RNEC-MGT-01","Peak Memory Used (B)",2022-02-14 23:30:28,12741705728,,"RNEC-MGT-01","Average Memory Used (B)",2022-02-14 23:30:28,12741705728,,
"RNEC-MGT-01","Minimum Memory Used (B)",2022-02-14 23:40:28,10919288832,,"RNEC-MGT-01","Peak Memory Used (B)",2022-02-14 23:40:28,10919288832,,"RNEC-MGT-01","Average Memory Used (B)",2022-02-14 23:40:28,10919288832,,
"RNEC-MGT-01","Minimum Memory Used (B)",2022-02-14 23:50:28,11335081984,,"RNEC-MGT-01","Peak Memory Used (B)",2022-02-14 23:50:28,11335081984,,"RNEC-MGT-01","Average Memory Used (B)",2022-02-14 23:50:28,11335081984,,
"RNEC-MGT-01","Minimum Memory Used (B)",2022-02-15 00:00:28,11583066112,,"RNEC-MGT-01","Peak Memory Used (B)",2022-02-15 00:00:28,11583066112,,"RNEC-MGT-01","Average Memory Used (B)",2022-02-15 00:00:28,11583066112,,
"RNEC-MGT-01","Minimum Memory Used (B)",2022-02-15 00:10:28,11375321088,,"RNEC-MGT-01","Peak Memory Used (B)",2022-02-15 00:10:28,11375321088,,"RNEC-MGT-01","Average Memory Used (B)",2022-02-15 00:10:28,11375321088,,
"RNEC-MGT-01","Minimum Memory Used (B)",2022-02-15 00:20:28,11443609600,,"RNEC-MGT-01","Peak Memory Used (B)",2022-02-15 00:20:28,11443609600,,"RNEC-MGT-01","Average Memory Used (B)",2022-02-15 00:20:28,11443609600,,
"RNEC-MGT-01","Minimum Memory Used (B)",2022-02-15 00:30:28,11259629568,,"RNEC-MGT-01","Peak Memory Used (B)",2022-02-15 00:30:28,11259629568,,"RNEC-MGT-01","Average Memory Used (B)",2022-02-15 00:30:28,11259629568,,
"RNEC-MGT-01","Minimum Memory Used (B)",2022-02-15 00:40:28,10943823872,,"RNEC-MGT-01","Peak Memory Used (B)",2022-02-15 00:40:28,10943823872,,"RNEC-MGT-01","Average Memory Used (B)",2022-02-15 00:40:28,10943823872,,
"RNEC-MGT-01","Minimum Memory Used (B)",2022-02-15 00:50:28,11736104960,,"RNEC-MGT-01","Peak Memory Used (B)",2022-02-15 00:50:28,11736104960,,"RNEC-MGT-01","Average Memory Used (B)",2022-02-15 00:50:28,11736104960,,
"RNEC-MGT-01","Minimum Memory Used (B)",2022-02-15 01:00:28,16911380480,,"RNEC-MGT-01","Peak Memory Used (B)",2022-02-15 01:00:28,16911380480,,"RNEC-MGT-01","Average Memory Used (B)",2022-02-15 01:00:28,16911380480,,
"RNEC-MGT-01","Minimum Memory Used (B)",2022-02-15 01:10:28,14935392256,,"RNEC-MGT-01","Peak Memory Used (B)",2022-02-15 01:10:28,14935392256,,"RNEC-MGT-01","Average Memory Used (B)",2022-02-15 01:10:28,14935392256,,
"RNEC-MGT-01","Minimum Memory Used (B)",2022-02-15 01:20:28,10888847360,,"RNEC-MGT-01","Peak Memory Used (B)",2022-02-15 01:20:28,10888847360,,"RNEC-MGT-01","Average Memory Used (B)",2022-02-15 01:20:28,10888847360,,
"RNEC-MGT-01","Minimum Memory Used (B)",2022-02-15 01:30:28,10358853632,,"RNEC-MGT-01","Peak Memory Used (B)",2022-02-15 01:30:28,10358853632,,"RNEC-MGT-01","Average Memory Used (B)",2022-02-15 01:30:28,10358853632,,
"RNEC-MGT-01","Minimum Memory Used (B)",2022-02-15 01:40:28,10363244544,,"RNEC-MGT-01","Peak Memory Used (B)",2022-02-15 01:40:28,10363244544,,"RNEC-MGT-01","Average Memory Used (B)",2022-02-15 01:40:28,10363244544,,
"RNEC-MGT-01","Minimum Memory Used (B)",2022-02-15 01:50:28,10352373760,,"RNEC-MGT-01","Peak Memory Used (B)",2022-02-15 01:50:28,10352373760,,"RNEC-MGT-01","Average Memory Used (B)",2022-02-15 01:50:28,10352373760,,
"RNEC-MGT-01","Minimum Memory Used (B)",2022-02-15 02:00:28,10389544960,,"RNEC-MGT-01","Peak Memory Used (B)",2022-02-15 02:00:28,10389544960,,"RNEC-MGT-01","Average Memory Used (B)",2022-02-15 02:00:28,10389544960,,
"RNEC-MGT-01","Minimum Memory Used (B)",2022-02-15 02:10:28,10455527424,,"RNEC-MGT-01","Peak Memory Used (B)",2022-02-15 02:10:28,10455527424,,"RNEC-MGT-01","Average Memory Used (B)",2022-02-15 02:10:28,10455527424,,
"RNEC-MGT-01","Minimum Memory Used (B)",2022-02-15 02:20:28,15839764480,,"RNEC-MGT-01","Peak Memory Used (B)",2022-02-15 02:20:28,15839764480,,"RNEC-MGT-01","Average Memory Used (B)",2022-02-15 02:20:28,15839764480,,
"RNEC-MGT-01","Minimum Memory Used (B)",2022-02-15 02:30:28,15130390528,,"RNEC-MGT-01","Peak Memory Used (B)",2022-02-15 02:30:28,15130390528,,"RNEC-MGT-01","Average Memory Used (B)",2022-02-15 02:30:28,15130390528,,
"RNEC-MGT-01","Minimum Memory Used (B)",2022-02-15 02:40:28,14660378624,,"RNEC-MGT-01","Peak Memory Used (B)",2022-02-15 02:40:28,14660378624,,"RNEC-MGT-01","Average Memory Used (B)",2022-02-15 02:40:28,14660378624,,
"RNEC-MGT-01","Minimum Memory Used (B)",2022-02-15 02:50:28,14447239168,,"RNEC-MGT-01","Peak Memory Used (B)",2022-02-15 02:50:28,14447239168,,"RNEC-MGT-01","Average Memory Used (B)",2022-02-15 02:50:28,14447239168,,
"RNEC-MGT-01","Minimum Memory Used (B)",2022-02-15 03:00:29,16550244352,,"RNEC-MGT-01","Peak Memory Used (B)",2022-02-15 03:00:29,16550244352,,"RNEC-MGT-01","Average Memory Used (B)",2022-02-15 03:00:29,16550244352,,
"RNEC-MGT-01","Minimum Memory Used (B)",2022-02-15 03:10:29,14196670464,,"RNEC-MGT-01","Peak Memory Used (B)",2022-02-15 03:10:29,14196670464,,"RNEC-MGT-01","Average Memory Used (B)",2022-02-15 03:10:29,14196670464,,
"RNEC-MGT-01","Minimum Memory Used (B)",2022-02-15 03:20:29,10388901888,,"RNEC-MGT-01","Peak Memory Used (B)",2022-02-15 03:20:29,10388901888,,"RNEC-MGT-01","Average Memory Used (B)",2022-02-15 03:20:29,10388901888,,
"RNEC-MGT-01","Minimum Memory Used (B)",2022-02-15 03:30:29,10355703808,,"RNEC-MGT-01","Peak Memory Used (B)",2022-02-15 03:30:29,10355703808,,"RNEC-MGT-01","Average Memory Used (B)",2022-02-15 03:30:29,10355703808,,
"RNEC-MGT-01","Minimum Memory Used (B)",2022-02-15 03:40:29,10368102400,,"RNEC-MGT-01","Peak Memory Used (B)",2022-02-15 03:40:29,10368102400,,"RNEC-MGT-01","Average Memory Used (B)",2022-02-15 03:40:29,10368102400,,
"RNEC-MGT-01","Minimum Memory Used (B)",2022-02-15 03:50:29,10355621888,,"RNEC-MGT-01","Peak Memory Used (B)",2022-02-15 03:50:29,10355621888,,"RNEC-MGT-01","Average Memory Used (B)",2022-02-15 03:50:29,10355621888,,
"RNEC-MGT-01","Minimum Memory Used (B)",2022-02-15 04:00:29,10375528448,,"RNEC-MGT-01","Peak Memory Used (B)",2022-02-15 04:00:29,10375528448,,"RNEC-MGT-01","Average Memory Used (B)",2022-02-15 04:00:29,10375528448,,
"RNEC-MGT-01","Minimum Memory Used (B)",2022-02-15 04:10:29,10374504448,,"RNEC-MGT-01","Peak Memory Used (B)",2022-02-15 04:10:29,10374504448,,"RNEC-MGT-01","Average Memory Used (B)",2022-02-15 04:10:29,10374504448,,
"RNEC-MGT-01","Minimum Memory Used (B)",2022-02-15 04:20:29,10376347648,,"RNEC-MGT-01","Peak Memory Used (B)",2022-02-15 04:20:29,10376347648,,"RNEC-MGT-01","Average Memory Used (B)",2022-02-15 04:20:29,10376347648,,
"RNEC-MGT-01","Minimum Memory Used (B)",2022-02-15 04:30:29,10364653568,,"RNEC-MGT-01","Peak Memory Used (B)",2022-02-15 04:30:29,10364653568,,"RNEC-MGT-01","Average Memory Used (B)",2022-02-15 04:30:29,10364653568,,
"RNEC-MGT-01","Minimum Memory Used (B)",2022-02-15 04:40:29,10381651968,,"RNEC-MGT-01","Peak Memory Used (B)",2022-02-15 04:40:29,10381651968,,"RNEC-MGT-01","Average Memory Used (B)",2022-02-15 04:40:29,10381651968,,
"RNEC-MGT-01","Minimum Memory Used (B)",2022-02-15 04:50:29,10406625280,,"RNEC-MGT-01","Peak Memory Used (B)",2022-02-15 04:50:29,10406625280,,"RNEC-MGT-01","Average Memory Used (B)",2022-02-15 04:50:29,10406625280,,
"RNEC-MGT-01","Minimum Memory Used (B)",2022-02-15 05:00:29,10400772096,,"RNEC-MGT-01","Peak Memory Used (B)",2022-02-15 05:00:29,10400772096,,"RNEC-MGT-01","Average Memory Used (B)",2022-02-15 05:00:29,10400772096,,
"RNEC-MGT-01","Minimum Memory Used (B)",2022-02-15 05:10:29,10464980992,,"RNEC-MGT-01","Peak Memory Used (B)",2022-02-15 05:10:29,10464980992,,"RNEC-MGT-01","Average Memory Used (B)",2022-02-15 05:10:29,10464980992,,
"RNEC-MGT-01","Minimum Memory Used (B)",2022-02-15 05:20:29,10393460736,,"RNEC-MGT-01","Peak Memory Used (B)",2022-02-15 05:20:29,10393460736,,"RNEC-MGT-01","Average Memory Used (B)",2022-02-15 05:20:29,10393460736,,
"RNEC-MGT-01","Minimum Memory Used (B)",2022-02-15 05:30:29,10379264000,,"RNEC-MGT-01","Peak Memory Used (B)",2022-02-15 05:30:29,10379264000,,"RNEC-MGT-01","Average Memory Used (B)",2022-02-15 05:30:29,10379264000,,
"RNEC-MGT-01","Minimum Memory Used (B)",2022-02-15 05:40:29,10399805440,,"RNEC-MGT-01","Peak Memory Used (B)",2022-02-15 05:40:29,10399805440,,"RNEC-MGT-01","Average Memory Used (B)",2022-02-15 05:40:29,10399805440,,
"RNEC-MGT-01","Minimum Memory Used (B)",2022-02-15 05:50:29,10385477632,,"RNEC-MGT-01","Peak Memory Used (B)",2022-02-15 05:50:29,10385477632,,"RNEC-MGT-01","Average Memory Used (B)",2022-02-15 05:50:29,10385477632,,
"RNEC-MGT-01","Minimum Memory Used (B)",2022-02-15 06:00:29,10740506624,,"RNEC-MGT-01","Peak Memory Used (B)",2022-02-15 06:00:29,10740506624,,"RNEC-MGT-01","Average Memory Used (B)",2022-02-15 06:00:29,10740506624,,
"RNEC-MGT-01","Minimum Memory Used (B)",2022-02-15 06:10:29,10404159488,,"RNEC-MGT-01","Peak Memory Used (B)",2022-02-15 06:10:29,10404159488,,"RNEC-MGT-01","Average Memory Used (B)",2022-02-15 06:10:29,10404159488,,
"RNEC-MGT-01","Minimum Memory Used (B)",2022-02-15 06:20:29,10400403456,,"RNEC-MGT-01","Peak Memory Used (B)",2022-02-15 06:20:29,10400403456,,"RNEC-MGT-01","Average Memory Used (B)",2022-02-15 06:20:29,10400403456,,
"RNEC-MGT-01","Minimum Memory Used (B)",2022-02-15 06:30:29,10390921216,,"RNEC-MGT-01","Peak Memory Used (B)",2022-02-15 06:30:29,10390921216,,"RNEC-MGT-01","Average Memory Used (B)",2022-02-15 06:30:29,10390921216,,
"RNEC-MGT-01","Minimum Memory Used (B)",2022-02-15 06:40:29,10726473728,,"RNEC-MGT-01","Peak Memory Used (B)",2022-02-15 06:40:29,10726473728,,"RNEC-MGT-01","Average Memory Used (B)",2022-02-15 06:40:29,10726473728,,
"RNEC-MGT-01","Minimum Memory Used (B)",2022-02-15 06:50:29,10568548352,,"RNEC-MGT-01","Peak Memory Used (B)",2022-02-15 06:50:29,10568548352,,"RNEC-MGT-01","Average Memory Used (B)",2022-02-15 06:50:29,10568548352,,
"RNEC-MGT-01","Minimum Memory Used (B)",2022-02-15 07:00:29,10634211328,,"RNEC-MGT-01","Peak Memory Used (B)",2022-02-15 07:00:29,10634211328,,"RNEC-MGT-01","Average Memory Used (B)",2022-02-15 07:00:29,10634211328,,
"RNEC-MGT-01","Minimum Memory Used (B)",2022-02-15 07:10:29,10709753856,,"RNEC-MGT-01","Peak Memory Used (B)",2022-02-15 07:10:29,10709753856,,"RNEC-MGT-01","Average Memory Used (B)",2022-02-15 07:10:29,10709753856,,
"RNEC-MGT-01","Minimum Memory Used (B)",2022-02-15 07:20:29,10726510592,,"RNEC-MGT-01","Peak Memory Used (B)",2022-02-15 07:20:29,10726510592,,"RNEC-MGT-01","Average Memory Used (B)",2022-02-15 07:20:29,10726510592,,
"RNEC-MGT-01","Minimum Memory Used (B)",2022-02-15 07:30:29,10423771136,,"RNEC-MGT-01","Peak Memory Used (B)",2022-02-15 07:30:29,10423771136,,"RNEC-MGT-01","Average Memory Used (B)",2022-02-15 07:30:29,10423771136,,
"RNEC-MGT-01","Minimum Memory Used (B)",2022-02-15 07:40:29,10360659968,,"RNEC-MGT-01","Peak Memory Used (B)",2022-02-15 07:40:29,10360659968,,"RNEC-MGT-01","Average Memory Used (B)",2022-02-15 07:40:29,10360659968,,
"RNEC-MGT-01","Minimum Memory Used (B)",2022-02-15 07:50:29,10350452736,,"RNEC-MGT-01","Peak Memory Used (B)",2022-02-15 07:50:29,10350452736,,"RNEC-MGT-01","Average Memory Used (B)",2022-02-15 07:50:29,10350452736,,
"RNEC-MGT-01","Minimum Memory Used (B)",2022-02-15 08:00:29,10367184896,,"RNEC-MGT-01","Peak Memory Used (B)",2022-02-15 08:00:29,10367184896,,"RNEC-MGT-01","Average Memory Used (B)",2022-02-15 08:00:29,10367184896,,
"RNEC-MGT-01","Minimum Memory Used (B)",2022-02-15 08:10:29,10467340288,,"RNEC-MGT-01","Peak Memory Used (B)",2022-02-15 08:10:29,10467340288,,"RNEC-MGT-01","Average Memory Used (B)",2022-02-15 08:10:29,10467340288,,
"RNEC-MGT-01","Minimum Memory Used (B)",2022-02-15 08:20:29,10393677824,,"RNEC-MGT-01","Peak Memory Used (B)",2022-02-15 08:20:29,10393677824,,"RNEC-MGT-01","Average Memory Used (B)",2022-02-15 08:20:29,10393677824,,
"RNEC-MGT-01","Minimum Memory Used (B)",2022-02-15 08:30:29,10372468736,,"RNEC-MGT-01","Peak Memory Used (B)",2022-02-15 08:30:29,10372468736,,"RNEC-MGT-01","Average Memory Used (B)",2022-02-15 08:30:29,10372468736,,
"RNEC-MGT-01","Minimum Memory Used (B)",2022-02-15 08:40:29,10371985408,,"RNEC-MGT-01","Peak Memory Used (B)",2022-02-15 08:40:29,10371985408,,"RNEC-MGT-01","Average Memory Used (B)",2022-02-15 08:40:29,10371985408,,
"RNEC-MGT-01","Minimum Memory Used (B)",2022-02-15 08:50:29,10376945664,,"RNEC-MGT-01","Peak Memory Used (B)",2022-02-15 08:50:29,10376945664,,"RNEC-MGT-01","Average Memory Used (B)",2022-02-15 08:50:29,10376945664,,
"RNEC-MGT-01","Minimum Memory Used (B)",2022-02-15 09:00:29,10459222016,,"RNEC-MGT-01","Peak Memory Used (B)",2022-02-15 09:00:29,10459222016,,"RNEC-MGT-01","Average Memory Used (B)",2022-02-15 09:00:29,10459222016,,
"RNEC-MGT-01","Minimum Memory Used (B)",2022-02-15 09:10:29,10523680768,,"RNEC-MGT-01","Peak Memory Used (B)",2022-02-15 09:10:29,10523680768,,"RNEC-MGT-01","Average Memory Used (B)",2022-02-15 09:10:29,10523680768,,
"RNEC-MGT-01","Minimum Memory Used (B)",2022-02-15 09:20:29,10499391488,,"RNEC-MGT-01","Peak Memory Used (B)",2022-02-15 09:20:29,10499391488,,"RNEC-MGT-01","Average Memory Used (B)",2022-02-15 09:20:29,10499391488,,
"RNEC-MGT-01","Minimum Memory Used (B)",2022-02-15 09:30:29,10486345728,,"RNEC-MGT-01","Peak Memory Used (B)",2022-02-15 09:30:29,10486345728,,"RNEC-MGT-01","Average Memory Used (B)",2022-02-15 09:30:29,10486345728,,
"RNEC-MGT-01","Minimum Memory Used (B)",2022-02-15 09:40:29,10397655040,,"RNEC-MGT-01","Peak Memory Used (B)",2022-02-15 09:40:29,10397655040,,"RNEC-MGT-01","Average Memory Used (B)",2022-02-15 09:40:29,10397655040,,
"RNEC-MGT-01","Minimum Memory Used (B)",2022-02-15 09:50:29,10378280960,,"RNEC-MGT-01","Peak Memory Used (B)",2022-02-15 09:50:29,10378280960,,"RNEC-MGT-01","Average Memory Used (B)",2022-02-15 09:50:29,10378280960,,
"RNEC-MGT-01","Minimum Memory Used (B)",2022-02-15 10:00:29,10399088640,,"RNEC-MGT-01","Peak Memory Used (B)",2022-02-15 10:00:29,10399088640,,"RNEC-MGT-01","Average Memory Used (B)",2022-02-15 10:00:29,10399088640,,
"RNEC-MGT-01","Minimum Memory Used (B)",2022-02-15 10:10:29,18773983232,,"RNEC-MGT-01","Peak Memory Used (B)",2022-02-15 10:10:29,18773983232,,"RNEC-MGT-01","Average Memory Used (B)",2022-02-15 10:10:29,18773983232,,
"RNEC-MGT-01","Minimum Memory Used (B)",2022-02-15 10:20:29,18040000512,,"RNEC-MGT-01","Peak Memory Used (B)",2022-02-15 10:20:29,18040000512,,"RNEC-MGT-01","Average Memory Used (B)",2022-02-15 10:20:29,18040000512,,
"RNEC-MGT-01","Minimum Memory Used (B)",2022-02-15 10:30:29,17384607744,,"RNEC-MGT-01","Peak Memory Used (B)",2022-02-15 10:30:29,17384607744,,"RNEC-MGT-01","Average Memory Used (B)",2022-02-15 10:30:29,17384607744,,
"RNEC-MGT-01","Minimum Memory Used (B)",2022-02-15 10:40:29,15555231744,,"RNEC-MGT-01","Peak Memory Used (B)",2022-02-15 10:40:29,15555231744,,"RNEC-MGT-01","Average Memory Used (B)",2022-02-15 10:40:29,15555231744,,
"RNEC-MGT-01","Minimum Memory Used (B)",2022-02-15 10:50:29,18629795840,,"RNEC-MGT-01","Peak Memory Used (B)",2022-02-15 10:50:29,18629795840,,"RNEC-MGT-01","Average Memory Used (B)",2022-02-15 10:50:29,18629795840,,
"RNEC-MGT-01","Minimum Memory Used (B)",2022-02-15 11:00:29,11904798720,,"RNEC-MGT-01","Peak Memory Used (B)",2022-02-15 11:00:29,11904798720,,"RNEC-MGT-01","Average Memory Used (B)",2022-02-15 11:00:29,11904798720,,
"RNEC-MGT-01","Minimum Memory Used (B)",2022-02-15 11:10:29,11977936896,,"RNEC-MGT-01","Peak Memory Used (B)",2022-02-15 11:10:29,11977936896,,"RNEC-MGT-01","Average Memory Used (B)",2022-02-15 11:10:29,11977936896,,
"RNEC-MGT-01","Minimum Memory Used (B)",2022-02-15 11:20:29,18119188480,,"RNEC-MGT-01","Peak Memory Used (B)",2022-02-15 11:20:29,18119188480,,"RNEC-MGT-01","Average Memory Used (B)",2022-02-15 11:20:29,18119188480,,
"RNEC-MGT-01","Minimum Memory Used (B)",2022-02-15 11:30:29,11941990400,,"RNEC-MGT-01","Peak Memory Used (B)",2022-02-15 11:30:29,11941990400,,"RNEC-MGT-01","Average Memory Used (B)",2022-02-15 11:30:29,11941990400,,
"RNEC-MGT-01","Minimum Memory Used (B)",2022-02-15 11:40:29,17268604928,,"RNEC-MGT-01","Peak Memory Used (B)",2022-02-15 11:40:29,17268604928,,"RNEC-MGT-01","Average Memory Used (B)",2022-02-15 11:40:29,17268604928,,
"RNEC-MGT-01","Minimum Memory Used (B)",2022-02-15 11:50:29,15824568320,,"RNEC-MGT-01","Peak Memory Used (B)",2022-02-15 11:50:29,15824568320,,"RNEC-MGT-01","Average Memory Used (B)",2022-02-15 11:50:29,15824568320,,
"RNEC-MGT-01","Minimum Memory Used (B)",2022-02-15 12:00:30,10115674112,,"RNEC-MGT-01","Peak Memory Used (B)",2022-02-15 12:00:30,10115674112,,"RNEC-MGT-01","Average Memory Used (B)",2022-02-15 12:00:30,10115674112,,
"RNEC-MGT-01","Minimum Memory Used (B)",2022-02-15 12:10:30,11543756800,,"RNEC-MGT-01","Peak Memory Used (B)",2022-02-15 12:10:30,11543756800,,"RNEC-MGT-01","Average Memory Used (B)",2022-02-15 12:10:30,11543756800,,
"RNEC-MGT-01","Minimum Memory Used (B)",2022-02-15 12:20:30,10969042944,,"RNEC-MGT-01","Peak Memory Used (B)",2022-02-15 12:20:30,10969042944,,"RNEC-MGT-01","Average Memory Used (B)",2022-02-15 12:20:30,10969042944,,
"RNEC-MGT-01","Minimum Memory Used (B)",2022-02-15 12:30:30,11245432832,,"RNEC-MGT-01","Peak Memory Used (B)",2022-02-15 12:30:30,11245432832,,"RNEC-MGT-01","Average Memory Used (B)",2022-02-15 12:30:30,11245432832,,
"RNEC-MGT-01","Minimum Memory Used (B)",2022-02-15 12:40:30,11156324352,,"RNEC-MGT-01","Peak Memory Used (B)",2022-02-15 12:40:30,11156324352,,"RNEC-MGT-01","Average Memory Used (B)",2022-02-15 12:40:30,11156324352,,
"RNEC-MGT-01","Minimum Memory Used (B)",2022-02-15 12:50:30,11130880000,,"RNEC-MGT-01","Peak Memory Used (B)",2022-02-15 12:50:30,11130880000,,"RNEC-MGT-01","Average Memory Used (B)",2022-02-15 12:50:30,11130880000,,
"RNEC-MGT-01","Minimum Memory Used (B)",2022-02-15 13:00:30,11125170176,,"RNEC-MGT-01","Peak Memory Used (B)",2022-02-15 13:00:30,11125170176,,"RNEC-MGT-01","Average Memory Used (B)",2022-02-15 13:00:30,11125170176,,
"RNEC-MGT-01","Minimum Memory Used (B)",2022-02-15 13:10:30,11162361856,,"RNEC-MGT-01","Peak Memory Used (B)",2022-02-15 13:10:30,11162361856,,"RNEC-MGT-01","Average Memory Used (B)",2022-02-15 13:10:30,11162361856,,
"RNEC-MGT-01","Minimum Memory Used (B)",2022-02-15 13:20:30,11129372672,,"RNEC-MGT-01","Peak Memory Used (B)",2022-02-15 13:20:30,11129372672,,"RNEC-MGT-01","Average Memory Used (B)",2022-02-15 13:20:30,11129372672,,
"RNEC-MGT-01","Minimum Memory Used (B)",2022-02-15 13:30:30,11136679936,,"RNEC-MGT-01","Peak Memory Used (B)",2022-02-15 13:30:30,11136679936,,"RNEC-MGT-01","Average Memory Used (B)",2022-02-15 13:30:30,11136679936,,
"RNEC-MGT-01","Minimum Memory Used (B)",2022-02-15 13:40:30,11130785792,,"RNEC-MGT-01","Peak Memory Used (B)",2022-02-15 13:40:30,11130785792,,"RNEC-MGT-01","Average Memory Used (B)",2022-02-15 13:40:30,11130785792,,
"RNEC-MGT-01","Minimum Memory Used (B)",2022-02-15 13:50:30,11141087232,,"RNEC-MGT-01","Peak Memory Used (B)",2022-02-15 13:50:30,11141087232,,"RNEC-MGT-01","Average Memory Used (B)",2022-02-15 13:50:30,11141087232,,
"RNEC-MGT-01","Minimum Memory Used (B)",2022-02-15 14:00:30,11284410368,,"RNEC-MGT-01","Peak Memory Used (B)",2022-02-15 14:00:30,11284410368,,"RNEC-MGT-01","Average Memory Used (B)",2022-02-15 14:00:30,11284410368,,
"RNEC-MGT-01","Minimum Memory Used (B)",2022-02-15 14:10:30,11141050368,,"RNEC-MGT-01","Peak Memory Used (B)",2022-02-15 14:10:30,11141050368,,"RNEC-MGT-01","Average Memory Used (B)",2022-02-15 14:10:30,11141050368,,
"RNEC-MGT-01","Minimum Memory Used (B)",2022-02-15 14:20:30,11153534976,,"RNEC-MGT-01","Peak Memory Used (B)",2022-02-15 14:20:30,11153534976,,"RNEC-MGT-01","Average Memory Used (B)",2022-02-15 14:20:30,11153534976,,
"RNEC-MGT-01","Minimum Memory Used (B)",2022-02-15 14:30:30,11110522880,,"RNEC-MGT-01","Peak Memory Used (B)",2022-02-15 14:30:30,11110522880,,"RNEC-MGT-01","Average Memory Used (B)",2022-02-15 14:30:30,11110522880,,
"RNEC-MGT-01","Minimum Memory Used (B)",2022-02-15 14:40:30,11123429376,,"RNEC-MGT-01","Peak Memory Used (B)",2022-02-15 14:40:30,11123429376,,"RNEC-MGT-01","Average Memory Used (B)",2022-02-15 14:40:30,11123429376,,
"RNEC-MGT-01","Minimum Memory Used (B)",2022-02-15 14:50:30,11130396672,,"RNEC-MGT-01","Peak Memory Used (B)",2022-02-15 14:50:30,11130396672,,"RNEC-MGT-01","Average Memory Used (B)",2022-02-15 14:50:30,11130396672,,
"RNEC-MGT-01","Minimum Memory Used (B)",2022-02-15 15:00:30,11121946624,,"RNEC-MGT-01","Peak Memory Used (B)",2022-02-15 15:00:30,11121946624,,"RNEC-MGT-01","Average Memory Used (B)",2022-02-15 15:00:30,11121946624,,
"RNEC-MGT-01","Minimum Memory Used (B)",2022-02-15 15:10:30,11143143424,,"RNEC-MGT-01","Peak Memory Used (B)",2022-02-15 15:10:30,11143143424,,"RNEC-MGT-01","Average Memory Used (B)",2022-02-15 15:10:30,11143143424,,
"RNEC-MGT-01","Minimum Memory Used (B)",2022-02-15 15:20:30,11124170752,,"RNEC-MGT-01","Peak Memory Used (B)",2022-02-15 15:20:30,11124170752,,"RNEC-MGT-01","Average Memory Used (B)",2022-02-15 15:20:30,11124170752,,
"RNEC-MGT-01","Minimum Memory Used (B)",2022-02-15 15:30:30,11140751360,,"RNEC-MGT-01","Peak Memory Used (B)",2022-02-15 15:30:30,11140751360,,"RNEC-MGT-01","Average Memory Used (B)",2022-02-15 15:30:30,11140751360,,
"RNEC-MGT-01","Minimum Memory Used (B)",2022-02-15 15:40:30,11124916224,,"RNEC-MGT-01","Peak Memory Used (B)",2022-02-15 15:40:30,11124916224,,"RNEC-MGT-01","Average Memory Used (B)",2022-02-15 15:40:30,11124916224,,
"RNEC-MGT-01","Minimum Memory Used (B)",2022-02-15 15:50:30,11137490944,,"RNEC-MGT-01","Peak Memory Used (B)",2022-02-15 15:50:30,11137490944,,"RNEC-MGT-01","Average Memory Used (B)",2022-02-15 15:50:30,11137490944,,
"RNEC-MGT-01","Minimum Memory Used (B)",2022-02-15 16:00:30,11146616832,,"RNEC-MGT-01","Peak Memory Used (B)",2022-02-15 16:00:30,11146616832,,"RNEC-MGT-01","Average Memory Used (B)",2022-02-15 16:00:30,11146616832,,
"RNEC-MGT-01","Minimum Memory Used (B)",2022-02-15 16:10:30,11166507008,,"RNEC-MGT-01","Peak Memory Used (B)",2022-02-15 16:10:30,11166507008,,"RNEC-MGT-01","Average Memory Used (B)",2022-02-15 16:10:30,11166507008,,

