"New Analysis Project","=HYPERLINK(""https://solarwinds.une.com.co/ui/perfstack/?context=0_Orion.Nodes_12797&withRelationships=true&charts=0_Orion.Nodes_12797-Orion.CPULoad.AvgLoad;0_Orion.Nodes_12797-Orion.CPULoad.MaxLoad;0_Orion.Nodes_12797-Orion.CPULoad.AvgPercentMemoryUsed;0_Orion.Nodes_12797-Orion.CPULoad.MaxMemoryUsed;0_Orion.Nodes_12797-Orion.CPULoad.AvgMemoryUsed;0_Orion.Nodes_12797-Orion.ResponseTime.AvgResponseTime;&startTime=2022-01-01T05:00:00.000Z&endTime=2022-03-01T05:00:00.000Z"")"
Start,2022-01-01 00:00:00,End,2022-03-01 00:00:00

"Custom Chart"
Entity,Metric,Date/Time,Value,
"RNEC-SCDPM-01","Average CPU Load (%)",2022-01-01 05:54:00,2,
"RNEC-SCDPM-01","Average CPU Load (%)",2022-01-02 05:30:00,3,
"RNEC-SCDPM-01","Average CPU Load (%)",2022-01-03 05:06:00,2,
"RNEC-SCDPM-01","Average CPU Load (%)",2022-01-04 04:42:00,2,
"RNEC-SCDPM-01","Average CPU Load (%)",2022-01-05 04:18:00,2,
"RNEC-SCDPM-01","Average CPU Load (%)",2022-01-06 03:54:00,2,
"RNEC-SCDPM-01","Average CPU Load (%)",2022-01-07 03:30:00,3,
"RNEC-SCDPM-01","Average CPU Load (%)",2022-01-08 03:06:00,3,
"RNEC-SCDPM-01","Average CPU Load (%)",2022-01-09 02:42:00,2,
"RNEC-SCDPM-01","Average CPU Load (%)",2022-01-10 02:18:00,3,
"RNEC-SCDPM-01","Average CPU Load (%)",2022-01-11 01:54:00,2,
"RNEC-SCDPM-01","Average CPU Load (%)",2022-01-12 01:30:00,2,
"RNEC-SCDPM-01","Average CPU Load (%)",2022-01-13 01:06:00,2,
"RNEC-SCDPM-01","Average CPU Load (%)",2022-01-14 00:42:00,2,
"RNEC-SCDPM-01","Average CPU Load (%)",2022-01-15 00:18:00,2,
"RNEC-SCDPM-01","Average CPU Load (%)",2022-01-16 05:48:00,2,
"RNEC-SCDPM-01","Average CPU Load (%)",2022-01-17 05:24:00,2,
"RNEC-SCDPM-01","Average CPU Load (%)",2022-01-18 05:00:00,2,
"RNEC-SCDPM-01","Average CPU Load (%)",2022-01-19 04:36:00,2,
"RNEC-SCDPM-01","Average CPU Load (%)",2022-01-20 04:12:00,3,
"RNEC-SCDPM-01","Average CPU Load (%)",2022-01-21 03:48:00,2,
"RNEC-SCDPM-01","Average CPU Load (%)",2022-01-22 03:24:00,2,
"RNEC-SCDPM-01","Average CPU Load (%)",2022-01-23 03:00:00,3,
"RNEC-SCDPM-01","Average CPU Load (%)",2022-01-24 02:36:00,2,
"RNEC-SCDPM-01","Average CPU Load (%)",2022-01-25 02:12:00,3,
"RNEC-SCDPM-01","Average CPU Load (%)",2022-01-26 01:48:00,2,
"RNEC-SCDPM-01","Average CPU Load (%)",2022-01-27 01:24:00,2,
"RNEC-SCDPM-01","Average CPU Load (%)",2022-01-28 01:00:00,2,
"RNEC-SCDPM-01","Average CPU Load (%)",2022-01-29 00:36:00,2,
"RNEC-SCDPM-01","Average CPU Load (%)",2022-01-30 00:12:00,2,
"RNEC-SCDPM-01","Average CPU Load (%)",2022-01-31 05:42:00,3,
"RNEC-SCDPM-01","Average CPU Load (%)",2022-02-01 05:18:00,3,
"RNEC-SCDPM-01","Average CPU Load (%)",2022-02-02 04:54:00,2,
"RNEC-SCDPM-01","Average CPU Load (%)",2022-02-03 04:30:00,2,
"RNEC-SCDPM-01","Average CPU Load (%)",2022-02-04 04:06:00,3,
"RNEC-SCDPM-01","Average CPU Load (%)",2022-02-05 03:42:00,3,
"RNEC-SCDPM-01","Average CPU Load (%)",2022-02-06 03:18:00,4,
"RNEC-SCDPM-01","Average CPU Load (%)",2022-02-06 09:12:00,3.6666666666666665,
"RNEC-SCDPM-01","Average CPU Load (%)",2022-02-06 15:06:00,3.3333333333333335,
"RNEC-SCDPM-01","Average CPU Load (%)",2022-02-06 21:00:00,4,
"RNEC-SCDPM-01","Average CPU Load (%)",2022-02-07 02:54:00,3,
"RNEC-SCDPM-01","Average CPU Load (%)",2022-02-07 08:48:00,3.5,
"RNEC-SCDPM-01","Average CPU Load (%)",2022-02-07 14:42:00,2.5,
"RNEC-SCDPM-01","Average CPU Load (%)",2022-02-07 20:36:00,2.8333333333333335,
"RNEC-SCDPM-01","Average CPU Load (%)",2022-02-08 02:30:00,3.8333333333333335,
"RNEC-SCDPM-01","Average CPU Load (%)",2022-02-08 08:24:00,3.8333333333333335,
"RNEC-SCDPM-01","Average CPU Load (%)",2022-02-08 14:18:00,3.6666666666666665,
"RNEC-SCDPM-01","Average CPU Load (%)",2022-02-08 20:12:00,2.7142857142857144,
"RNEC-SCDPM-01","Average CPU Load (%)",2022-02-09 02:06:00,4,
"RNEC-SCDPM-01","Average CPU Load (%)",2022-02-09 08:00:00,6,
"RNEC-SCDPM-01","Average CPU Load (%)",2022-02-09 13:54:00,5.4,
"RNEC-SCDPM-01","Average CPU Load (%)",2022-02-09 19:48:00,3.5,
"RNEC-SCDPM-01","Average CPU Load (%)",2022-02-10 01:42:00,6.5,
"RNEC-SCDPM-01","Average CPU Load (%)",2022-02-10 07:36:00,6.5,
"RNEC-SCDPM-01","Average CPU Load (%)",2022-02-10 13:30:00,6,
"RNEC-SCDPM-01","Average CPU Load (%)",2022-02-10 19:24:00,4.5,
"RNEC-SCDPM-01","Average CPU Load (%)",2022-02-11 01:18:00,3.8333333333333335,
"RNEC-SCDPM-01","Average CPU Load (%)",2022-02-11 07:12:00,4.666666666666667,
"RNEC-SCDPM-01","Average CPU Load (%)",2022-02-11 13:06:00,3.8857142857142857,
"RNEC-SCDPM-01","Average CPU Load (%)",2022-02-11 19:00:00,5.757575757575758,
"RNEC-SCDPM-01","Average CPU Load (%)",2022-02-12 00:54:00,5,
"RNEC-SCDPM-01","Average CPU Load (%)",2022-02-12 06:48:00,3,
"RNEC-SCDPM-01","Average CPU Load (%)",2022-02-12 12:42:00,4,
"RNEC-SCDPM-01","Average CPU Load (%)",2022-02-12 18:36:00,4.166666666666667,
"RNEC-SCDPM-01","Average CPU Load (%)",2022-02-13 00:30:00,5,
"RNEC-SCDPM-01","Average CPU Load (%)",2022-02-13 06:24:00,3,
"RNEC-SCDPM-01","Average CPU Load (%)",2022-02-13 12:18:00,3.5,
"RNEC-SCDPM-01","Average CPU Load (%)",2022-02-13 18:12:00,4.333333333333333,
"RNEC-SCDPM-01","Average CPU Load (%)",2022-02-14 00:06:00,4,
"RNEC-SCDPM-01","Average CPU Load (%)",2022-02-14 06:00:00,4,
"RNEC-SCDPM-01","Average CPU Load (%)",2022-02-14 11:54:00,7.2,
"RNEC-SCDPM-01","Average CPU Load (%)",2022-02-14 17:48:00,7.333333333333333,
"RNEC-SCDPM-01","Average CPU Load (%)",2022-02-14 23:42:00,4.833333333333333,
"RNEC-SCDPM-01","Average CPU Load (%)",2022-02-15 05:36:00,4.833333333333333,
"RNEC-SCDPM-01","Average CPU Load (%)",2022-02-15 11:30:00,6.666666666666667,
"RNEC-SCDPM-01","Average CPU Load (%)",2022-02-15 17:24:00,3.5,
"RNEC-SCDPM-01","Average CPU Load (%)",2022-02-15 23:18:00,3.6666666666666665,
"RNEC-SCDPM-01","Average CPU Load (%)",2022-02-16 05:12:00,4.833333333333333,
"RNEC-SCDPM-01","Average CPU Load (%)",2022-02-16 11:06:00,5.666666666666667,
"RNEC-SCDPM-01","Average CPU Load (%)",2022-02-16 17:00:00,2.8333333333333335,
"RNEC-SCDPM-01","Average CPU Load (%)",2022-02-16 22:54:00,5.8,
"RNEC-SCDPM-01","Average CPU Load (%)",2022-02-17 04:48:00,4.166666666666667,
"RNEC-SCDPM-01","Average CPU Load (%)",2022-02-17 10:42:00,3.8333333333333335,
"RNEC-SCDPM-01","Average CPU Load (%)",2022-02-17 16:36:00,12.666666666666666,
"RNEC-SCDPM-01","Average CPU Load (%)",2022-02-17 22:30:00,14,
"RNEC-SCDPM-01","Average CPU Load (%)",2022-02-18 04:24:00,18.5,
"RNEC-SCDPM-01","Average CPU Load (%)",2022-02-18 10:18:00,12.5,
"RNEC-SCDPM-01","Average CPU Load (%)",2022-02-18 16:12:00,11,
"RNEC-SCDPM-01","Average CPU Load (%)",2022-02-18 22:06:00,13,
"RNEC-SCDPM-01","Average CPU Load (%)",2022-02-19 04:00:00,8.666666666666666,
"RNEC-SCDPM-01","Average CPU Load (%)",2022-02-19 09:54:00,9,
"RNEC-SCDPM-01","Average CPU Load (%)",2022-02-19 15:48:00,9.5,
"RNEC-SCDPM-01","Average CPU Load (%)",2022-02-19 21:42:00,7.5,
"RNEC-SCDPM-01","Average CPU Load (%)",2022-02-20 03:36:00,4.166666666666667,
"RNEC-SCDPM-01","Average CPU Load (%)",2022-02-20 09:30:00,4.833333333333333,
"RNEC-SCDPM-01","Average CPU Load (%)",2022-02-20 15:24:00,5.666666666666667,
"RNEC-SCDPM-01","Average CPU Load (%)",2022-02-20 21:18:00,5.833333333333333,
"RNEC-SCDPM-01","Average CPU Load (%)",2022-02-21 03:12:00,6,
"RNEC-SCDPM-01","Average CPU Load (%)",2022-02-21 09:06:00,5.833333333333333,
"RNEC-SCDPM-01","Average CPU Load (%)",2022-02-21 15:00:00,5.166666666666667,
"RNEC-SCDPM-01","Average CPU Load (%)",2022-02-21 20:54:00,6.4,
"RNEC-SCDPM-01","Average CPU Load (%)",2022-02-22 02:48:00,9.166666666666666,
"RNEC-SCDPM-01","Average CPU Load (%)",2022-02-22 08:42:00,13.833333333333334,
"RNEC-SCDPM-01","Average CPU Load (%)",2022-02-22 14:36:00,7,
"RNEC-SCDPM-01","Average CPU Load (%)",2022-02-22 20:30:00,5.833333333333333,
"RNEC-SCDPM-01","Average CPU Load (%)",2022-02-23 02:24:00,6.666666666666667,
"RNEC-SCDPM-01","Average CPU Load (%)",2022-02-23 08:18:00,4.833333333333333,
"RNEC-SCDPM-01","Average CPU Load (%)",2022-02-23 14:12:00,7,
"RNEC-SCDPM-01","Average CPU Load (%)",2022-02-23 20:06:00,4.166666666666667,
"RNEC-SCDPM-01","Average CPU Load (%)",2022-02-24 02:00:00,4,
"RNEC-SCDPM-01","Average CPU Load (%)",2022-02-24 07:54:00,8.2,
"RNEC-SCDPM-01","Average CPU Load (%)",2022-02-24 13:48:00,6.166666666666667,
"RNEC-SCDPM-01","Average CPU Load (%)",2022-02-24 19:42:00,5.166666666666667,
"RNEC-SCDPM-01","Average CPU Load (%)",2022-02-25 01:36:00,7,
"RNEC-SCDPM-01","Average CPU Load (%)",2022-02-25 07:30:00,5.5,
"RNEC-SCDPM-01","Average CPU Load (%)",2022-02-25 13:24:00,6.166666666666667,
"RNEC-SCDPM-01","Average CPU Load (%)",2022-02-25 19:18:00,14.666666666666666,
"RNEC-SCDPM-01","Average CPU Load (%)",2022-02-26 01:12:00,19.333333333333332,
"RNEC-SCDPM-01","Average CPU Load (%)",2022-02-26 07:06:00,8.833333333333334,
"RNEC-SCDPM-01","Average CPU Load (%)",2022-02-26 13:00:00,5.833333333333333,
"RNEC-SCDPM-01","Average CPU Load (%)",2022-02-26 18:54:00,4.6,
"RNEC-SCDPM-01","Average CPU Load (%)",2022-02-27 00:48:00,6.666666666666667,
"RNEC-SCDPM-01","Average CPU Load (%)",2022-02-27 06:42:00,7.666666666666667,
"RNEC-SCDPM-01","Average CPU Load (%)",2022-02-27 12:36:00,5.666666666666667,
"RNEC-SCDPM-01","Average CPU Load (%)",2022-02-27 18:30:00,6.333333333333333,
"RNEC-SCDPM-01","Average CPU Load (%)",2022-02-28 00:24:00,8.333333333333334,
"RNEC-SCDPM-01","Average CPU Load (%)",2022-02-28 06:18:00,4.666666666666667,
"RNEC-SCDPM-01","Average CPU Load (%)",2022-02-28 12:12:00,7.5,
"RNEC-SCDPM-01","Average CPU Load (%)",2022-02-28 18:06:00,6.5,
"RNEC-SCDPM-01","Average CPU Load (%)",2022-03-01 00:00:00,7.6,

"Custom Chart"
Entity,Metric,Date/Time,Value,
"RNEC-SCDPM-01","Peak CPU Load (%)",2022-01-01 05:54:00,20,
"RNEC-SCDPM-01","Peak CPU Load (%)",2022-01-02 05:30:00,20,
"RNEC-SCDPM-01","Peak CPU Load (%)",2022-01-03 05:06:00,20,
"RNEC-SCDPM-01","Peak CPU Load (%)",2022-01-04 04:42:00,18,
"RNEC-SCDPM-01","Peak CPU Load (%)",2022-01-05 04:18:00,21,
"RNEC-SCDPM-01","Peak CPU Load (%)",2022-01-06 03:54:00,29,
"RNEC-SCDPM-01","Peak CPU Load (%)",2022-01-07 03:30:00,32,
"RNEC-SCDPM-01","Peak CPU Load (%)",2022-01-08 03:06:00,26,
"RNEC-SCDPM-01","Peak CPU Load (%)",2022-01-09 02:42:00,17,
"RNEC-SCDPM-01","Peak CPU Load (%)",2022-01-10 02:18:00,26,
"RNEC-SCDPM-01","Peak CPU Load (%)",2022-01-11 01:54:00,19,
"RNEC-SCDPM-01","Peak CPU Load (%)",2022-01-12 01:30:00,25,
"RNEC-SCDPM-01","Peak CPU Load (%)",2022-01-13 01:06:00,25,
"RNEC-SCDPM-01","Peak CPU Load (%)",2022-01-14 00:42:00,19,
"RNEC-SCDPM-01","Peak CPU Load (%)",2022-01-15 00:18:00,18,
"RNEC-SCDPM-01","Peak CPU Load (%)",2022-01-16 05:48:00,29,
"RNEC-SCDPM-01","Peak CPU Load (%)",2022-01-17 05:24:00,32,
"RNEC-SCDPM-01","Peak CPU Load (%)",2022-01-18 05:00:00,23,
"RNEC-SCDPM-01","Peak CPU Load (%)",2022-01-19 04:36:00,18,
"RNEC-SCDPM-01","Peak CPU Load (%)",2022-01-20 04:12:00,25,
"RNEC-SCDPM-01","Peak CPU Load (%)",2022-01-21 03:48:00,22,
"RNEC-SCDPM-01","Peak CPU Load (%)",2022-01-22 03:24:00,23,
"RNEC-SCDPM-01","Peak CPU Load (%)",2022-01-23 03:00:00,24,
"RNEC-SCDPM-01","Peak CPU Load (%)",2022-01-24 02:36:00,88,
"RNEC-SCDPM-01","Peak CPU Load (%)",2022-01-25 02:12:00,26,
"RNEC-SCDPM-01","Peak CPU Load (%)",2022-01-26 01:48:00,23,
"RNEC-SCDPM-01","Peak CPU Load (%)",2022-01-27 01:24:00,20,
"RNEC-SCDPM-01","Peak CPU Load (%)",2022-01-28 01:00:00,21,
"RNEC-SCDPM-01","Peak CPU Load (%)",2022-01-29 00:36:00,27,
"RNEC-SCDPM-01","Peak CPU Load (%)",2022-01-30 00:12:00,19,
"RNEC-SCDPM-01","Peak CPU Load (%)",2022-01-31 05:42:00,27,
"RNEC-SCDPM-01","Peak CPU Load (%)",2022-02-01 05:18:00,23,
"RNEC-SCDPM-01","Peak CPU Load (%)",2022-02-02 04:54:00,26,
"RNEC-SCDPM-01","Peak CPU Load (%)",2022-02-03 04:30:00,26,
"RNEC-SCDPM-01","Peak CPU Load (%)",2022-02-04 04:06:00,33,
"RNEC-SCDPM-01","Peak CPU Load (%)",2022-02-05 03:42:00,18,
"RNEC-SCDPM-01","Peak CPU Load (%)",2022-02-06 03:18:00,25,
"RNEC-SCDPM-01","Peak CPU Load (%)",2022-02-06 09:12:00,17,
"RNEC-SCDPM-01","Peak CPU Load (%)",2022-02-06 15:06:00,21,
"RNEC-SCDPM-01","Peak CPU Load (%)",2022-02-06 21:00:00,18,
"RNEC-SCDPM-01","Peak CPU Load (%)",2022-02-07 02:54:00,23,
"RNEC-SCDPM-01","Peak CPU Load (%)",2022-02-07 08:48:00,20,
"RNEC-SCDPM-01","Peak CPU Load (%)",2022-02-07 14:42:00,24,
"RNEC-SCDPM-01","Peak CPU Load (%)",2022-02-07 20:36:00,14,
"RNEC-SCDPM-01","Peak CPU Load (%)",2022-02-08 02:30:00,26,
"RNEC-SCDPM-01","Peak CPU Load (%)",2022-02-08 08:24:00,18,
"RNEC-SCDPM-01","Peak CPU Load (%)",2022-02-08 14:18:00,32,
"RNEC-SCDPM-01","Peak CPU Load (%)",2022-02-08 20:12:00,25,
"RNEC-SCDPM-01","Peak CPU Load (%)",2022-02-09 02:06:00,19,
"RNEC-SCDPM-01","Peak CPU Load (%)",2022-02-09 08:00:00,29,
"RNEC-SCDPM-01","Peak CPU Load (%)",2022-02-09 13:54:00,41,
"RNEC-SCDPM-01","Peak CPU Load (%)",2022-02-09 19:48:00,17,
"RNEC-SCDPM-01","Peak CPU Load (%)",2022-02-10 01:42:00,38,
"RNEC-SCDPM-01","Peak CPU Load (%)",2022-02-10 07:36:00,33,
"RNEC-SCDPM-01","Peak CPU Load (%)",2022-02-10 13:30:00,41,
"RNEC-SCDPM-01","Peak CPU Load (%)",2022-02-10 19:24:00,29,
"RNEC-SCDPM-01","Peak CPU Load (%)",2022-02-11 01:18:00,17,
"RNEC-SCDPM-01","Peak CPU Load (%)",2022-02-11 07:12:00,27,
"RNEC-SCDPM-01","Peak CPU Load (%)",2022-02-11 13:06:00,29,
"RNEC-SCDPM-01","Peak CPU Load (%)",2022-02-11 19:00:00,25,
"RNEC-SCDPM-01","Peak CPU Load (%)",2022-02-12 00:54:00,43,
"RNEC-SCDPM-01","Peak CPU Load (%)",2022-02-12 06:48:00,20,
"RNEC-SCDPM-01","Peak CPU Load (%)",2022-02-12 12:42:00,30,
"RNEC-SCDPM-01","Peak CPU Load (%)",2022-02-12 18:36:00,32,
"RNEC-SCDPM-01","Peak CPU Load (%)",2022-02-13 00:30:00,54,
"RNEC-SCDPM-01","Peak CPU Load (%)",2022-02-13 06:24:00,19,
"RNEC-SCDPM-01","Peak CPU Load (%)",2022-02-13 12:18:00,47,
"RNEC-SCDPM-01","Peak CPU Load (%)",2022-02-13 18:12:00,54,
"RNEC-SCDPM-01","Peak CPU Load (%)",2022-02-14 00:06:00,18,
"RNEC-SCDPM-01","Peak CPU Load (%)",2022-02-14 06:00:00,20,
"RNEC-SCDPM-01","Peak CPU Load (%)",2022-02-14 11:54:00,39,
"RNEC-SCDPM-01","Peak CPU Load (%)",2022-02-14 17:48:00,42,
"RNEC-SCDPM-01","Peak CPU Load (%)",2022-02-14 23:42:00,38,
"RNEC-SCDPM-01","Peak CPU Load (%)",2022-02-15 05:36:00,32,
"RNEC-SCDPM-01","Peak CPU Load (%)",2022-02-15 11:30:00,29,
"RNEC-SCDPM-01","Peak CPU Load (%)",2022-02-15 17:24:00,22,
"RNEC-SCDPM-01","Peak CPU Load (%)",2022-02-15 23:18:00,35,
"RNEC-SCDPM-01","Peak CPU Load (%)",2022-02-16 05:12:00,37,
"RNEC-SCDPM-01","Peak CPU Load (%)",2022-02-16 11:06:00,56,
"RNEC-SCDPM-01","Peak CPU Load (%)",2022-02-16 17:00:00,20,
"RNEC-SCDPM-01","Peak CPU Load (%)",2022-02-16 22:54:00,31,
"RNEC-SCDPM-01","Peak CPU Load (%)",2022-02-17 04:48:00,39,
"RNEC-SCDPM-01","Peak CPU Load (%)",2022-02-17 10:42:00,22,
"RNEC-SCDPM-01","Peak CPU Load (%)",2022-02-17 16:36:00,51,
"RNEC-SCDPM-01","Peak CPU Load (%)",2022-02-17 22:30:00,55,
"RNEC-SCDPM-01","Peak CPU Load (%)",2022-02-18 04:24:00,71,
"RNEC-SCDPM-01","Peak CPU Load (%)",2022-02-18 10:18:00,55,
"RNEC-SCDPM-01","Peak CPU Load (%)",2022-02-18 16:12:00,43,
"RNEC-SCDPM-01","Peak CPU Load (%)",2022-02-18 22:06:00,60,
"RNEC-SCDPM-01","Peak CPU Load (%)",2022-02-19 04:00:00,41,
"RNEC-SCDPM-01","Peak CPU Load (%)",2022-02-19 09:54:00,37,
"RNEC-SCDPM-01","Peak CPU Load (%)",2022-02-19 15:48:00,55,
"RNEC-SCDPM-01","Peak CPU Load (%)",2022-02-19 21:42:00,43,
"RNEC-SCDPM-01","Peak CPU Load (%)",2022-02-20 03:36:00,27,
"RNEC-SCDPM-01","Peak CPU Load (%)",2022-02-20 09:30:00,51,
"RNEC-SCDPM-01","Peak CPU Load (%)",2022-02-20 15:24:00,43,
"RNEC-SCDPM-01","Peak CPU Load (%)",2022-02-20 21:18:00,28,
"RNEC-SCDPM-01","Peak CPU Load (%)",2022-02-21 03:12:00,40,
"RNEC-SCDPM-01","Peak CPU Load (%)",2022-02-21 09:06:00,47,
"RNEC-SCDPM-01","Peak CPU Load (%)",2022-02-21 15:00:00,47,
"RNEC-SCDPM-01","Peak CPU Load (%)",2022-02-21 20:54:00,45,
"RNEC-SCDPM-01","Peak CPU Load (%)",2022-02-22 02:48:00,47,
"RNEC-SCDPM-01","Peak CPU Load (%)",2022-02-22 08:42:00,41,
"RNEC-SCDPM-01","Peak CPU Load (%)",2022-02-22 14:36:00,43,
"RNEC-SCDPM-01","Peak CPU Load (%)",2022-02-22 20:30:00,46,
"RNEC-SCDPM-01","Peak CPU Load (%)",2022-02-23 02:24:00,48,
"RNEC-SCDPM-01","Peak CPU Load (%)",2022-02-23 08:18:00,33,
"RNEC-SCDPM-01","Peak CPU Load (%)",2022-02-23 14:12:00,43,
"RNEC-SCDPM-01","Peak CPU Load (%)",2022-02-23 20:06:00,25,
"RNEC-SCDPM-01","Peak CPU Load (%)",2022-02-24 02:00:00,26,
"RNEC-SCDPM-01","Peak CPU Load (%)",2022-02-24 07:54:00,52,
"RNEC-SCDPM-01","Peak CPU Load (%)",2022-02-24 13:48:00,46,
"RNEC-SCDPM-01","Peak CPU Load (%)",2022-02-24 19:42:00,37,
"RNEC-SCDPM-01","Peak CPU Load (%)",2022-02-25 01:36:00,44,
"RNEC-SCDPM-01","Peak CPU Load (%)",2022-02-25 07:30:00,44,
"RNEC-SCDPM-01","Peak CPU Load (%)",2022-02-25 13:24:00,37,
"RNEC-SCDPM-01","Peak CPU Load (%)",2022-02-25 19:18:00,60,
"RNEC-SCDPM-01","Peak CPU Load (%)",2022-02-26 01:12:00,50,
"RNEC-SCDPM-01","Peak CPU Load (%)",2022-02-26 07:06:00,56,
"RNEC-SCDPM-01","Peak CPU Load (%)",2022-02-26 13:00:00,30,
"RNEC-SCDPM-01","Peak CPU Load (%)",2022-02-26 18:54:00,27,
"RNEC-SCDPM-01","Peak CPU Load (%)",2022-02-27 00:48:00,37,
"RNEC-SCDPM-01","Peak CPU Load (%)",2022-02-27 06:42:00,36,
"RNEC-SCDPM-01","Peak CPU Load (%)",2022-02-27 12:36:00,40,
"RNEC-SCDPM-01","Peak CPU Load (%)",2022-02-27 18:30:00,40,
"RNEC-SCDPM-01","Peak CPU Load (%)",2022-02-28 00:24:00,40,
"RNEC-SCDPM-01","Peak CPU Load (%)",2022-02-28 06:18:00,28,
"RNEC-SCDPM-01","Peak CPU Load (%)",2022-02-28 12:12:00,45,
"RNEC-SCDPM-01","Peak CPU Load (%)",2022-02-28 18:06:00,35,
"RNEC-SCDPM-01","Peak CPU Load (%)",2022-03-01 00:00:00,49,

"Custom Chart"
Entity,Metric,Date/Time,Value,
"RNEC-SCDPM-01","Average Percent Memory Used (%)",2022-01-01 05:54:00,36.69816589355469,
"RNEC-SCDPM-01","Average Percent Memory Used (%)",2022-01-02 05:30:00,36.33953857421875,
"RNEC-SCDPM-01","Average Percent Memory Used (%)",2022-01-03 05:06:00,36.31393051147461,
"RNEC-SCDPM-01","Average Percent Memory Used (%)",2022-01-04 04:42:00,36.353599548339844,
"RNEC-SCDPM-01","Average Percent Memory Used (%)",2022-01-05 04:18:00,36.3692741394043,
"RNEC-SCDPM-01","Average Percent Memory Used (%)",2022-01-06 03:54:00,36.69438934326172,
"RNEC-SCDPM-01","Average Percent Memory Used (%)",2022-01-07 03:30:00,36.244781494140625,
"RNEC-SCDPM-01","Average Percent Memory Used (%)",2022-01-08 03:06:00,35.860382080078125,
"RNEC-SCDPM-01","Average Percent Memory Used (%)",2022-01-09 02:42:00,35.9567985534668,
"RNEC-SCDPM-01","Average Percent Memory Used (%)",2022-01-10 02:18:00,35.85087585449219,
"RNEC-SCDPM-01","Average Percent Memory Used (%)",2022-01-11 01:54:00,35.7184944152832,
"RNEC-SCDPM-01","Average Percent Memory Used (%)",2022-01-12 01:30:00,35.89409255981445,
"RNEC-SCDPM-01","Average Percent Memory Used (%)",2022-01-13 01:06:00,35.922080993652344,
"RNEC-SCDPM-01","Average Percent Memory Used (%)",2022-01-14 00:42:00,37.31477355957031,
"RNEC-SCDPM-01","Average Percent Memory Used (%)",2022-01-15 00:18:00,37.88051223754883,
"RNEC-SCDPM-01","Average Percent Memory Used (%)",2022-01-16 05:48:00,37.90911865234375,
"RNEC-SCDPM-01","Average Percent Memory Used (%)",2022-01-17 05:24:00,38.05061340332031,
"RNEC-SCDPM-01","Average Percent Memory Used (%)",2022-01-18 05:00:00,37.989227294921875,
"RNEC-SCDPM-01","Average Percent Memory Used (%)",2022-01-19 04:36:00,38.22850799560547,
"RNEC-SCDPM-01","Average Percent Memory Used (%)",2022-01-20 04:12:00,39.68026351928711,
"RNEC-SCDPM-01","Average Percent Memory Used (%)",2022-01-21 03:48:00,39.510108947753906,
"RNEC-SCDPM-01","Average Percent Memory Used (%)",2022-01-22 03:24:00,39.802452087402344,
"RNEC-SCDPM-01","Average Percent Memory Used (%)",2022-01-23 03:00:00,39.784828186035156,
"RNEC-SCDPM-01","Average Percent Memory Used (%)",2022-01-24 02:36:00,39.85991287231445,
"RNEC-SCDPM-01","Average Percent Memory Used (%)",2022-01-25 02:12:00,39.867183685302734,
"RNEC-SCDPM-01","Average Percent Memory Used (%)",2022-01-26 01:48:00,40.41019058227539,
"RNEC-SCDPM-01","Average Percent Memory Used (%)",2022-01-27 01:24:00,40.68901824951172,
"RNEC-SCDPM-01","Average Percent Memory Used (%)",2022-01-28 01:00:00,40.94123840332031,
"RNEC-SCDPM-01","Average Percent Memory Used (%)",2022-01-29 00:36:00,41.15663146972656,
"RNEC-SCDPM-01","Average Percent Memory Used (%)",2022-01-30 00:12:00,40.53383255004883,
"RNEC-SCDPM-01","Average Percent Memory Used (%)",2022-01-31 05:42:00,40.5984001159668,
"RNEC-SCDPM-01","Average Percent Memory Used (%)",2022-02-01 05:18:00,40.75492477416992,
"RNEC-SCDPM-01","Average Percent Memory Used (%)",2022-02-02 04:54:00,40.715049743652344,
"RNEC-SCDPM-01","Average Percent Memory Used (%)",2022-02-03 04:30:00,40.800079345703125,
"RNEC-SCDPM-01","Average Percent Memory Used (%)",2022-02-04 04:06:00,40.683143615722656,
"RNEC-SCDPM-01","Average Percent Memory Used (%)",2022-02-05 03:42:00,40.82823181152344,
"RNEC-SCDPM-01","Average Percent Memory Used (%)",2022-02-06 03:18:00,40.66577625274658,
"RNEC-SCDPM-01","Average Percent Memory Used (%)",2022-02-06 09:12:00,40.572943369547524,
"RNEC-SCDPM-01","Average Percent Memory Used (%)",2022-02-06 15:06:00,40.797445933024086,
"RNEC-SCDPM-01","Average Percent Memory Used (%)",2022-02-06 21:00:00,41.000433603922524,
"RNEC-SCDPM-01","Average Percent Memory Used (%)",2022-02-07 02:54:00,40.75723648071289,
"RNEC-SCDPM-01","Average Percent Memory Used (%)",2022-02-07 08:48:00,40.62565930684408,
"RNEC-SCDPM-01","Average Percent Memory Used (%)",2022-02-07 14:42:00,41.01946512858073,
"RNEC-SCDPM-01","Average Percent Memory Used (%)",2022-02-07 20:36:00,40.96226946512858,
"RNEC-SCDPM-01","Average Percent Memory Used (%)",2022-02-08 02:30:00,40.694801330566406,
"RNEC-SCDPM-01","Average Percent Memory Used (%)",2022-02-08 08:24:00,40.58870887756348,
"RNEC-SCDPM-01","Average Percent Memory Used (%)",2022-02-08 14:18:00,40.65412712097168,
"RNEC-SCDPM-01","Average Percent Memory Used (%)",2022-02-08 20:12:00,41.108103724888394,
"RNEC-SCDPM-01","Average Percent Memory Used (%)",2022-02-09 02:06:00,40.85736529032389,
"RNEC-SCDPM-01","Average Percent Memory Used (%)",2022-02-09 08:00:00,40.792367935180664,
"RNEC-SCDPM-01","Average Percent Memory Used (%)",2022-02-09 13:54:00,41.152008819580075,
"RNEC-SCDPM-01","Average Percent Memory Used (%)",2022-02-09 19:48:00,41.16448084513346,
"RNEC-SCDPM-01","Average Percent Memory Used (%)",2022-02-10 01:42:00,40.965335845947266,
"RNEC-SCDPM-01","Average Percent Memory Used (%)",2022-02-10 07:36:00,40.66536903381348,
"RNEC-SCDPM-01","Average Percent Memory Used (%)",2022-02-10 13:30:00,40.852073669433594,
"RNEC-SCDPM-01","Average Percent Memory Used (%)",2022-02-10 19:24:00,41.24166488647461,
"RNEC-SCDPM-01","Average Percent Memory Used (%)",2022-02-11 01:18:00,41.17171669006348,
"RNEC-SCDPM-01","Average Percent Memory Used (%)",2022-02-11 07:12:00,40.99283345540365,
"RNEC-SCDPM-01","Average Percent Memory Used (%)",2022-02-11 13:06:00,41.453080095563614,
"RNEC-SCDPM-01","Average Percent Memory Used (%)",2022-02-11 19:00:00,19.198988423202977,
"RNEC-SCDPM-01","Average Percent Memory Used (%)",2022-02-12 00:54:00,21.398599243164064,
"RNEC-SCDPM-01","Average Percent Memory Used (%)",2022-02-12 06:48:00,22.028975168863933,
"RNEC-SCDPM-01","Average Percent Memory Used (%)",2022-02-12 12:42:00,22.10631561279297,
"RNEC-SCDPM-01","Average Percent Memory Used (%)",2022-02-12 18:36:00,23.992424329121906,
"RNEC-SCDPM-01","Average Percent Memory Used (%)",2022-02-13 00:30:00,25.761520703633625,
"RNEC-SCDPM-01","Average Percent Memory Used (%)",2022-02-13 06:24:00,26.498342831929524,
"RNEC-SCDPM-01","Average Percent Memory Used (%)",2022-02-13 12:18:00,27.692487716674805,
"RNEC-SCDPM-01","Average Percent Memory Used (%)",2022-02-13 18:12:00,29.028476079305012,
"RNEC-SCDPM-01","Average Percent Memory Used (%)",2022-02-14 00:06:00,31.01370970408122,
"RNEC-SCDPM-01","Average Percent Memory Used (%)",2022-02-14 06:00:00,31.992204666137695,
"RNEC-SCDPM-01","Average Percent Memory Used (%)",2022-02-14 11:54:00,32.92970962524414,
"RNEC-SCDPM-01","Average Percent Memory Used (%)",2022-02-14 17:48:00,33.96897951761881,
"RNEC-SCDPM-01","Average Percent Memory Used (%)",2022-02-14 23:42:00,34.97631645202637,
"RNEC-SCDPM-01","Average Percent Memory Used (%)",2022-02-15 05:36:00,35.949957529703774,
"RNEC-SCDPM-01","Average Percent Memory Used (%)",2022-02-15 11:30:00,37.031381607055664,
"RNEC-SCDPM-01","Average Percent Memory Used (%)",2022-02-15 17:24:00,38.233126958211265,
"RNEC-SCDPM-01","Average Percent Memory Used (%)",2022-02-15 23:18:00,40.034030278523765,
"RNEC-SCDPM-01","Average Percent Memory Used (%)",2022-02-16 05:12:00,41.25104204813639,
"RNEC-SCDPM-01","Average Percent Memory Used (%)",2022-02-16 11:06:00,42.44134012858073,
"RNEC-SCDPM-01","Average Percent Memory Used (%)",2022-02-16 17:00:00,43.77928479512533,
"RNEC-SCDPM-01","Average Percent Memory Used (%)",2022-02-16 22:54:00,45.16543045043945,
"RNEC-SCDPM-01","Average Percent Memory Used (%)",2022-02-17 04:48:00,46.52621523539225,
"RNEC-SCDPM-01","Average Percent Memory Used (%)",2022-02-17 10:42:00,47.52443885803223,
"RNEC-SCDPM-01","Average Percent Memory Used (%)",2022-02-17 16:36:00,48.571507136027016,
"RNEC-SCDPM-01","Average Percent Memory Used (%)",2022-02-17 22:30:00,49.82894515991211,
"RNEC-SCDPM-01","Average Percent Memory Used (%)",2022-02-18 04:24:00,50.64406140645345,
"RNEC-SCDPM-01","Average Percent Memory Used (%)",2022-02-18 10:18:00,51.608306884765625,
"RNEC-SCDPM-01","Average Percent Memory Used (%)",2022-02-18 16:12:00,52.66170183817545,
"RNEC-SCDPM-01","Average Percent Memory Used (%)",2022-02-18 22:06:00,53.82850456237793,
"RNEC-SCDPM-01","Average Percent Memory Used (%)",2022-02-19 04:00:00,55.090922037760414,
"RNEC-SCDPM-01","Average Percent Memory Used (%)",2022-02-19 09:54:00,56.04329071044922,
"RNEC-SCDPM-01","Average Percent Memory Used (%)",2022-02-19 15:48:00,57.04720242818197,
"RNEC-SCDPM-01","Average Percent Memory Used (%)",2022-02-19 21:42:00,58.31070645650228,
"RNEC-SCDPM-01","Average Percent Memory Used (%)",2022-02-20 03:36:00,59.713589350382485,
"RNEC-SCDPM-01","Average Percent Memory Used (%)",2022-02-20 09:30:00,60.64314333597819,
"RNEC-SCDPM-01","Average Percent Memory Used (%)",2022-02-20 15:24:00,61.803582509358726,
"RNEC-SCDPM-01","Average Percent Memory Used (%)",2022-02-20 21:18:00,63.104675928751625,
"RNEC-SCDPM-01","Average Percent Memory Used (%)",2022-02-21 03:12:00,64.15781211853027,
"RNEC-SCDPM-01","Average Percent Memory Used (%)",2022-02-21 09:06:00,65.11685434977214,
"RNEC-SCDPM-01","Average Percent Memory Used (%)",2022-02-21 15:00:00,66.15330251057942,
"RNEC-SCDPM-01","Average Percent Memory Used (%)",2022-02-21 20:54:00,67.71678924560547,
"RNEC-SCDPM-01","Average Percent Memory Used (%)",2022-02-22 02:48:00,68.48729705810547,
"RNEC-SCDPM-01","Average Percent Memory Used (%)",2022-02-22 08:42:00,69.26298522949219,
"RNEC-SCDPM-01","Average Percent Memory Used (%)",2022-02-22 14:36:00,70.19048563639323,
"RNEC-SCDPM-01","Average Percent Memory Used (%)",2022-02-22 20:30:00,70.99669774373372,
"RNEC-SCDPM-01","Average Percent Memory Used (%)",2022-02-23 02:24:00,72.05458068847656,
"RNEC-SCDPM-01","Average Percent Memory Used (%)",2022-02-23 08:18:00,73.05400085449219,
"RNEC-SCDPM-01","Average Percent Memory Used (%)",2022-02-23 14:12:00,74.27198155721028,
"RNEC-SCDPM-01","Average Percent Memory Used (%)",2022-02-23 20:06:00,75.37078348795573,
"RNEC-SCDPM-01","Average Percent Memory Used (%)",2022-02-24 02:00:00,76.03435134887695,
"RNEC-SCDPM-01","Average Percent Memory Used (%)",2022-02-24 07:54:00,77.08662414550781,
"RNEC-SCDPM-01","Average Percent Memory Used (%)",2022-02-24 13:48:00,78.1604601542155,
"RNEC-SCDPM-01","Average Percent Memory Used (%)",2022-02-24 19:42:00,79.02346801757812,
"RNEC-SCDPM-01","Average Percent Memory Used (%)",2022-02-25 01:36:00,78.97979100545247,
"RNEC-SCDPM-01","Average Percent Memory Used (%)",2022-02-25 07:30:00,79.83446884155273,
"RNEC-SCDPM-01","Average Percent Memory Used (%)",2022-02-25 13:24:00,80.95013682047527,
"RNEC-SCDPM-01","Average Percent Memory Used (%)",2022-02-25 19:18:00,81.80123392740886,
"RNEC-SCDPM-01","Average Percent Memory Used (%)",2022-02-26 01:12:00,82.20920944213867,
"RNEC-SCDPM-01","Average Percent Memory Used (%)",2022-02-26 07:06:00,82.83093897501628,
"RNEC-SCDPM-01","Average Percent Memory Used (%)",2022-02-26 13:00:00,84.02775319417317,
"RNEC-SCDPM-01","Average Percent Memory Used (%)",2022-02-26 18:54:00,84.95198364257813,
"RNEC-SCDPM-01","Average Percent Memory Used (%)",2022-02-27 00:48:00,85.35908381144206,
"RNEC-SCDPM-01","Average Percent Memory Used (%)",2022-02-27 06:42:00,85.90540059407552,
"RNEC-SCDPM-01","Average Percent Memory Used (%)",2022-02-27 12:36:00,86.59996795654297,
"RNEC-SCDPM-01","Average Percent Memory Used (%)",2022-02-27 18:30:00,87.54597600301106,
"RNEC-SCDPM-01","Average Percent Memory Used (%)",2022-02-28 00:24:00,88.07149887084961,
"RNEC-SCDPM-01","Average Percent Memory Used (%)",2022-02-28 06:18:00,88.45104598999023,
"RNEC-SCDPM-01","Average Percent Memory Used (%)",2022-02-28 12:12:00,89.49446487426758,
"RNEC-SCDPM-01","Average Percent Memory Used (%)",2022-02-28 18:06:00,90.20613352457683,
"RNEC-SCDPM-01","Average Percent Memory Used (%)",2022-03-01 00:00:00,90.70206146240234,

"Custom Chart"
Entity,Metric,Date/Time,Value,
"RNEC-SCDPM-01","Peak Memory Used (B)",2022-01-01 05:54:00,8184414208,
"RNEC-SCDPM-01","Peak Memory Used (B)",2022-01-02 05:30:00,8144515072,
"RNEC-SCDPM-01","Peak Memory Used (B)",2022-01-03 05:06:00,8159866880,
"RNEC-SCDPM-01","Peak Memory Used (B)",2022-01-04 04:42:00,8022220800,
"RNEC-SCDPM-01","Peak Memory Used (B)",2022-01-05 04:18:00,8073723904,
"RNEC-SCDPM-01","Peak Memory Used (B)",2022-01-06 03:54:00,8439926784,
"RNEC-SCDPM-01","Peak Memory Used (B)",2022-01-07 03:30:00,8178012160,
"RNEC-SCDPM-01","Peak Memory Used (B)",2022-01-08 03:06:00,7849656320,
"RNEC-SCDPM-01","Peak Memory Used (B)",2022-01-09 02:42:00,7869067264,
"RNEC-SCDPM-01","Peak Memory Used (B)",2022-01-10 02:18:00,7886929920,
"RNEC-SCDPM-01","Peak Memory Used (B)",2022-01-11 01:54:00,7856812032,
"RNEC-SCDPM-01","Peak Memory Used (B)",2022-01-12 01:30:00,7876653056,
"RNEC-SCDPM-01","Peak Memory Used (B)",2022-01-13 01:06:00,7942701056,
"RNEC-SCDPM-01","Peak Memory Used (B)",2022-01-14 00:42:00,8252567552,
"RNEC-SCDPM-01","Peak Memory Used (B)",2022-01-15 00:18:00,8324825088,
"RNEC-SCDPM-01","Peak Memory Used (B)",2022-01-16 05:48:00,8348217344,
"RNEC-SCDPM-01","Peak Memory Used (B)",2022-01-17 05:24:00,8478601216,
"RNEC-SCDPM-01","Peak Memory Used (B)",2022-01-18 05:00:00,8490958848,
"RNEC-SCDPM-01","Peak Memory Used (B)",2022-01-19 04:36:00,8948535296,
"RNEC-SCDPM-01","Peak Memory Used (B)",2022-01-20 04:12:00,8777240576,
"RNEC-SCDPM-01","Peak Memory Used (B)",2022-01-21 03:48:00,8652709888,
"RNEC-SCDPM-01","Peak Memory Used (B)",2022-01-22 03:24:00,8731672576,
"RNEC-SCDPM-01","Peak Memory Used (B)",2022-01-23 03:00:00,8690798592,
"RNEC-SCDPM-01","Peak Memory Used (B)",2022-01-24 02:36:00,8711028736,
"RNEC-SCDPM-01","Peak Memory Used (B)",2022-01-25 02:12:00,8744718336,
"RNEC-SCDPM-01","Peak Memory Used (B)",2022-01-26 01:48:00,8919982080,
"RNEC-SCDPM-01","Peak Memory Used (B)",2022-01-27 01:24:00,8850927616,
"RNEC-SCDPM-01","Peak Memory Used (B)",2022-01-28 01:00:00,8925241344,
"RNEC-SCDPM-01","Peak Memory Used (B)",2022-01-29 00:36:00,8938500096,
"RNEC-SCDPM-01","Peak Memory Used (B)",2022-01-30 00:12:00,8844890112,
"RNEC-SCDPM-01","Peak Memory Used (B)",2022-01-31 05:42:00,8812830720,
"RNEC-SCDPM-01","Peak Memory Used (B)",2022-02-01 05:18:00,8901869568,
"RNEC-SCDPM-01","Peak Memory Used (B)",2022-02-02 04:54:00,8877088768,
"RNEC-SCDPM-01","Peak Memory Used (B)",2022-02-03 04:30:00,8878845952,
"RNEC-SCDPM-01","Peak Memory Used (B)",2022-02-04 04:06:00,8845848576,
"RNEC-SCDPM-01","Peak Memory Used (B)",2022-02-05 03:42:00,8932454400,
"RNEC-SCDPM-01","Peak Memory Used (B)",2022-02-06 03:18:00,8850403328,
"RNEC-SCDPM-01","Peak Memory Used (B)",2022-02-06 09:12:00,8732401664,
"RNEC-SCDPM-01","Peak Memory Used (B)",2022-02-06 15:06:00,8892452864,
"RNEC-SCDPM-01","Peak Memory Used (B)",2022-02-06 21:00:00,8828944384,
"RNEC-SCDPM-01","Peak Memory Used (B)",2022-02-07 02:54:00,8851439616,
"RNEC-SCDPM-01","Peak Memory Used (B)",2022-02-07 08:48:00,8748056576,
"RNEC-SCDPM-01","Peak Memory Used (B)",2022-02-07 14:42:00,8884310016,
"RNEC-SCDPM-01","Peak Memory Used (B)",2022-02-07 20:36:00,8820170752,
"RNEC-SCDPM-01","Peak Memory Used (B)",2022-02-08 02:30:00,8829452288,
"RNEC-SCDPM-01","Peak Memory Used (B)",2022-02-08 08:24:00,8753602560,
"RNEC-SCDPM-01","Peak Memory Used (B)",2022-02-08 14:18:00,8902422528,
"RNEC-SCDPM-01","Peak Memory Used (B)",2022-02-08 20:12:00,8861392896,
"RNEC-SCDPM-01","Peak Memory Used (B)",2022-02-09 02:06:00,8865509376,
"RNEC-SCDPM-01","Peak Memory Used (B)",2022-02-09 08:00:00,8773832704,
"RNEC-SCDPM-01","Peak Memory Used (B)",2022-02-09 13:54:00,9014067200,
"RNEC-SCDPM-01","Peak Memory Used (B)",2022-02-09 19:48:00,8868270080,
"RNEC-SCDPM-01","Peak Memory Used (B)",2022-02-10 01:42:00,8895447040,
"RNEC-SCDPM-01","Peak Memory Used (B)",2022-02-10 07:36:00,8762814464,
"RNEC-SCDPM-01","Peak Memory Used (B)",2022-02-10 13:30:00,9019076608,
"RNEC-SCDPM-01","Peak Memory Used (B)",2022-02-10 19:24:00,8889532416,
"RNEC-SCDPM-01","Peak Memory Used (B)",2022-02-11 01:18:00,8966283264,
"RNEC-SCDPM-01","Peak Memory Used (B)",2022-02-11 07:12:00,8824745984,
"RNEC-SCDPM-01","Peak Memory Used (B)",2022-02-11 13:06:00,9173708800,
"RNEC-SCDPM-01","Peak Memory Used (B)",2022-02-11 19:00:00,4583886848,
"RNEC-SCDPM-01","Peak Memory Used (B)",2022-02-12 00:54:00,4798881792,
"RNEC-SCDPM-01","Peak Memory Used (B)",2022-02-12 06:48:00,4775899136,
"RNEC-SCDPM-01","Peak Memory Used (B)",2022-02-12 12:42:00,4767854592,
"RNEC-SCDPM-01","Peak Memory Used (B)",2022-02-12 18:36:00,5514993664,
"RNEC-SCDPM-01","Peak Memory Used (B)",2022-02-13 00:30:00,5806800896,
"RNEC-SCDPM-01","Peak Memory Used (B)",2022-02-13 06:24:00,5818740736,
"RNEC-SCDPM-01","Peak Memory Used (B)",2022-02-13 12:18:00,6065836032,
"RNEC-SCDPM-01","Peak Memory Used (B)",2022-02-13 18:12:00,6418530304,
"RNEC-SCDPM-01","Peak Memory Used (B)",2022-02-14 00:06:00,6822760448,
"RNEC-SCDPM-01","Peak Memory Used (B)",2022-02-14 06:00:00,6976835584,
"RNEC-SCDPM-01","Peak Memory Used (B)",2022-02-14 11:54:00,7134720000,
"RNEC-SCDPM-01","Peak Memory Used (B)",2022-02-14 17:48:00,7447740416,
"RNEC-SCDPM-01","Peak Memory Used (B)",2022-02-14 23:42:00,7598428160,
"RNEC-SCDPM-01","Peak Memory Used (B)",2022-02-15 05:36:00,7831506944,
"RNEC-SCDPM-01","Peak Memory Used (B)",2022-02-15 11:30:00,8065650688,
"RNEC-SCDPM-01","Peak Memory Used (B)",2022-02-15 17:24:00,8334880768,
"RNEC-SCDPM-01","Peak Memory Used (B)",2022-02-15 23:18:00,8712404992,
"RNEC-SCDPM-01","Peak Memory Used (B)",2022-02-16 05:12:00,9000267776,
"RNEC-SCDPM-01","Peak Memory Used (B)",2022-02-16 11:06:00,9222160384,
"RNEC-SCDPM-01","Peak Memory Used (B)",2022-02-16 17:00:00,9513930752,
"RNEC-SCDPM-01","Peak Memory Used (B)",2022-02-16 22:54:00,9937666048,
"RNEC-SCDPM-01","Peak Memory Used (B)",2022-02-17 04:48:00,10082754560,
"RNEC-SCDPM-01","Peak Memory Used (B)",2022-02-17 10:42:00,10311585792,
"RNEC-SCDPM-01","Peak Memory Used (B)",2022-02-17 16:36:00,10523435008,
"RNEC-SCDPM-01","Peak Memory Used (B)",2022-02-17 22:30:00,10811719680,
"RNEC-SCDPM-01","Peak Memory Used (B)",2022-02-18 04:24:00,10962935808,
"RNEC-SCDPM-01","Peak Memory Used (B)",2022-02-18 10:18:00,11179737088,
"RNEC-SCDPM-01","Peak Memory Used (B)",2022-02-18 16:12:00,11430137856,
"RNEC-SCDPM-01","Peak Memory Used (B)",2022-02-18 22:06:00,11750154240,
"RNEC-SCDPM-01","Peak Memory Used (B)",2022-02-19 04:00:00,11927142400,
"RNEC-SCDPM-01","Peak Memory Used (B)",2022-02-19 09:54:00,12115517440,
"RNEC-SCDPM-01","Peak Memory Used (B)",2022-02-19 15:48:00,12361654272,
"RNEC-SCDPM-01","Peak Memory Used (B)",2022-02-19 21:42:00,12759601152,
"RNEC-SCDPM-01","Peak Memory Used (B)",2022-02-20 03:36:00,12925452288,
"RNEC-SCDPM-01","Peak Memory Used (B)",2022-02-20 09:30:00,13125312512,
"RNEC-SCDPM-01","Peak Memory Used (B)",2022-02-20 15:24:00,13416538112,
"RNEC-SCDPM-01","Peak Memory Used (B)",2022-02-20 21:18:00,13719687168,
"RNEC-SCDPM-01","Peak Memory Used (B)",2022-02-21 03:12:00,13858557952,
"RNEC-SCDPM-01","Peak Memory Used (B)",2022-02-21 09:06:00,14079774720,
"RNEC-SCDPM-01","Peak Memory Used (B)",2022-02-21 15:00:00,14395383808,
"RNEC-SCDPM-01","Peak Memory Used (B)",2022-02-21 20:54:00,14623453184,
"RNEC-SCDPM-01","Peak Memory Used (B)",2022-02-22 02:48:00,14827753472,
"RNEC-SCDPM-01","Peak Memory Used (B)",2022-02-22 08:42:00,14964908032,
"RNEC-SCDPM-01","Peak Memory Used (B)",2022-02-22 14:36:00,15175032832,
"RNEC-SCDPM-01","Peak Memory Used (B)",2022-02-22 20:30:00,15342166016,
"RNEC-SCDPM-01","Peak Memory Used (B)",2022-02-23 02:24:00,15612637184,
"RNEC-SCDPM-01","Peak Memory Used (B)",2022-02-23 08:18:00,15801626624,
"RNEC-SCDPM-01","Peak Memory Used (B)",2022-02-23 14:12:00,16065990656,
"RNEC-SCDPM-01","Peak Memory Used (B)",2022-02-23 20:06:00,16292061184,
"RNEC-SCDPM-01","Peak Memory Used (B)",2022-02-24 02:00:00,16471306240,
"RNEC-SCDPM-01","Peak Memory Used (B)",2022-02-24 07:54:00,16652759040,
"RNEC-SCDPM-01","Peak Memory Used (B)",2022-02-24 13:48:00,16929538048,
"RNEC-SCDPM-01","Peak Memory Used (B)",2022-02-24 19:42:00,17056411648,
"RNEC-SCDPM-01","Peak Memory Used (B)",2022-02-25 01:36:00,17022337024,
"RNEC-SCDPM-01","Peak Memory Used (B)",2022-02-25 07:30:00,17257852928,
"RNEC-SCDPM-01","Peak Memory Used (B)",2022-02-25 13:24:00,17526796288,
"RNEC-SCDPM-01","Peak Memory Used (B)",2022-02-25 19:18:00,17625976832,
"RNEC-SCDPM-01","Peak Memory Used (B)",2022-02-26 01:12:00,17759473664,
"RNEC-SCDPM-01","Peak Memory Used (B)",2022-02-26 07:06:00,17908387840,
"RNEC-SCDPM-01","Peak Memory Used (B)",2022-02-26 13:00:00,18197344256,
"RNEC-SCDPM-01","Peak Memory Used (B)",2022-02-26 18:54:00,18356645888,
"RNEC-SCDPM-01","Peak Memory Used (B)",2022-02-27 00:48:00,18480910336,
"RNEC-SCDPM-01","Peak Memory Used (B)",2022-02-27 06:42:00,18524143616,
"RNEC-SCDPM-01","Peak Memory Used (B)",2022-02-27 12:36:00,18691047424,
"RNEC-SCDPM-01","Peak Memory Used (B)",2022-02-27 18:30:00,18901135360,
"RNEC-SCDPM-01","Peak Memory Used (B)",2022-02-28 00:24:00,19002421248,
"RNEC-SCDPM-01","Peak Memory Used (B)",2022-02-28 06:18:00,19103465472,
"RNEC-SCDPM-01","Peak Memory Used (B)",2022-02-28 12:12:00,19321487360,
"RNEC-SCDPM-01","Peak Memory Used (B)",2022-02-28 18:06:00,19423272960,
"RNEC-SCDPM-01","Peak Memory Used (B)",2022-03-01 00:00:00,19542798336,

"Custom Chart"
Entity,Metric,Date/Time,Value,
"RNEC-SCDPM-01","Average Memory Used (B)",2022-01-01 05:54:00,7876920803.555555,
"RNEC-SCDPM-01","Average Memory Used (B)",2022-01-02 05:30:00,7799944618.666667,
"RNEC-SCDPM-01","Average Memory Used (B)",2022-01-03 05:06:00,7794448184.888889,
"RNEC-SCDPM-01","Average Memory Used (B)",2022-01-04 04:42:00,7802962488.888889,
"RNEC-SCDPM-01","Average Memory Used (B)",2022-01-05 04:18:00,7806326897.777778,
"RNEC-SCDPM-01","Average Memory Used (B)",2022-01-06 03:54:00,7876110392.888889,
"RNEC-SCDPM-01","Average Memory Used (B)",2022-01-07 03:30:00,7779606016,
"RNEC-SCDPM-01","Average Memory Used (B)",2022-01-08 03:06:00,7697097955.555555,
"RNEC-SCDPM-01","Average Memory Used (B)",2022-01-09 02:42:00,7717793194.666667,
"RNEC-SCDPM-01","Average Memory Used (B)",2022-01-10 02:18:00,7695057869.8741255,
"RNEC-SCDPM-01","Average Memory Used (B)",2022-01-11 01:54:00,7666643370.666667,
"RNEC-SCDPM-01","Average Memory Used (B)",2022-01-12 01:30:00,7704334051.555555,
"RNEC-SCDPM-01","Average Memory Used (B)",2022-01-13 01:06:00,7710341563.972028,
"RNEC-SCDPM-01","Average Memory Used (B)",2022-01-14 00:42:00,8009270243.555555,
"RNEC-SCDPM-01","Average Memory Used (B)",2022-01-15 00:18:00,8130700430.222222,
"RNEC-SCDPM-01","Average Memory Used (B)",2022-01-16 05:48:00,8136840448,
"RNEC-SCDPM-01","Average Memory Used (B)",2022-01-17 05:24:00,8167211463.111111,
"RNEC-SCDPM-01","Average Memory Used (B)",2022-01-18 05:00:00,8154035086.222222,
"RNEC-SCDPM-01","Average Memory Used (B)",2022-01-19 04:36:00,8205394716.444445,
"RNEC-SCDPM-01","Average Memory Used (B)",2022-01-20 04:12:00,8517000012.979021,
"RNEC-SCDPM-01","Average Memory Used (B)",2022-01-21 03:48:00,8480478549.333333,
"RNEC-SCDPM-01","Average Memory Used (B)",2022-01-22 03:24:00,8543226794.666667,
"RNEC-SCDPM-01","Average Memory Used (B)",2022-01-23 03:00:00,8539444024.888889,
"RNEC-SCDPM-01","Average Memory Used (B)",2022-01-24 02:36:00,8555560243.916084,
"RNEC-SCDPM-01","Average Memory Used (B)",2022-01-25 02:12:00,8557120955.007092,
"RNEC-SCDPM-01","Average Memory Used (B)",2022-01-26 01:48:00,8673672585.846153,
"RNEC-SCDPM-01","Average Memory Used (B)",2022-01-27 01:24:00,8733520099.555555,
"RNEC-SCDPM-01","Average Memory Used (B)",2022-01-28 01:00:00,8787656817.777779,
"RNEC-SCDPM-01","Average Memory Used (B)",2022-01-29 00:36:00,8833888890.591549,
"RNEC-SCDPM-01","Average Memory Used (B)",2022-01-30 00:12:00,8700210659.555555,
"RNEC-SCDPM-01","Average Memory Used (B)",2022-01-31 05:42:00,8714070044.444445,
"RNEC-SCDPM-01","Average Memory Used (B)",2022-02-01 05:18:00,8747666631.11111,
"RNEC-SCDPM-01","Average Memory Used (B)",2022-02-02 04:54:00,8739107640.88889,
"RNEC-SCDPM-01","Average Memory Used (B)",2022-02-03 04:30:00,8757358165.333334,
"RNEC-SCDPM-01","Average Memory Used (B)",2022-02-04 04:06:00,8732259584,
"RNEC-SCDPM-01","Average Memory Used (B)",2022-02-05 03:42:00,8763401358.222221,
"RNEC-SCDPM-01","Average Memory Used (B)",2022-02-06 03:18:00,8728531456,
"RNEC-SCDPM-01","Average Memory Used (B)",2022-02-06 09:12:00,8708606065.777779,
"RNEC-SCDPM-01","Average Memory Used (B)",2022-02-06 15:06:00,8756793230.222221,
"RNEC-SCDPM-01","Average Memory Used (B)",2022-02-06 21:00:00,8800362837.333334,
"RNEC-SCDPM-01","Average Memory Used (B)",2022-02-07 02:54:00,8748162662.4,
"RNEC-SCDPM-01","Average Memory Used (B)",2022-02-07 08:48:00,8719920924.444445,
"RNEC-SCDPM-01","Average Memory Used (B)",2022-02-07 14:42:00,8804447573.333334,
"RNEC-SCDPM-01","Average Memory Used (B)",2022-02-07 20:36:00,8792171178.666666,
"RNEC-SCDPM-01","Average Memory Used (B)",2022-02-08 02:30:00,8734761528.88889,
"RNEC-SCDPM-01","Average Memory Used (B)",2022-02-08 08:24:00,8711989816.88889,
"RNEC-SCDPM-01","Average Memory Used (B)",2022-02-08 14:18:00,8726031132.444445,
"RNEC-SCDPM-01","Average Memory Used (B)",2022-02-08 20:12:00,8823473064.22857,
"RNEC-SCDPM-01","Average Memory Used (B)",2022-02-09 02:06:00,8769654215.11111,
"RNEC-SCDPM-01","Average Memory Used (B)",2022-02-09 08:00:00,8755703352.88889,
"RNEC-SCDPM-01","Average Memory Used (B)",2022-02-09 13:54:00,8832896750.933332,
"RNEC-SCDPM-01","Average Memory Used (B)",2022-02-09 19:48:00,8835574101.333334,
"RNEC-SCDPM-01","Average Memory Used (B)",2022-02-10 01:42:00,8792829269.333334,
"RNEC-SCDPM-01","Average Memory Used (B)",2022-02-10 07:36:00,8728444245.333334,
"RNEC-SCDPM-01","Average Memory Used (B)",2022-02-10 13:30:00,8768518599.11111,
"RNEC-SCDPM-01","Average Memory Used (B)",2022-02-10 19:24:00,8852141056,
"RNEC-SCDPM-01","Average Memory Used (B)",2022-02-11 01:18:00,8837126940.444445,
"RNEC-SCDPM-01","Average Memory Used (B)",2022-02-11 07:12:00,8798731377.777779,
"RNEC-SCDPM-01","Average Memory Used (B)",2022-02-11 13:06:00,8897518913.828571,
"RNEC-SCDPM-01","Average Memory Used (B)",2022-02-11 19:00:00,4120884689.4545455,
"RNEC-SCDPM-01","Average Memory Used (B)",2022-02-12 00:54:00,4593010824.533334,
"RNEC-SCDPM-01","Average Memory Used (B)",2022-02-12 06:48:00,4728315107.555555,
"RNEC-SCDPM-01","Average Memory Used (B)",2022-02-12 12:42:00,4744915512.888889,
"RNEC-SCDPM-01","Average Memory Used (B)",2022-02-12 18:36:00,5149751182.222222,
"RNEC-SCDPM-01","Average Memory Used (B)",2022-02-13 00:30:00,5529471431.111111,
"RNEC-SCDPM-01","Average Memory Used (B)",2022-02-13 06:24:00,5687623452.444445,
"RNEC-SCDPM-01","Average Memory Used (B)",2022-02-13 12:18:00,5943935544.888889,
"RNEC-SCDPM-01","Average Memory Used (B)",2022-02-13 18:12:00,6230693091.555555,
"RNEC-SCDPM-01","Average Memory Used (B)",2022-02-14 00:06:00,6656805205.333333,
"RNEC-SCDPM-01","Average Memory Used (B)",2022-02-14 06:00:00,6866829994.666667,
"RNEC-SCDPM-01","Average Memory Used (B)",2022-02-14 11:54:00,7068056371.2,
"RNEC-SCDPM-01","Average Memory Used (B)",2022-02-14 17:48:00,7291126215.111111,
"RNEC-SCDPM-01","Average Memory Used (B)",2022-02-14 23:42:00,7507341653.333333,
"RNEC-SCDPM-01","Average Memory Used (B)",2022-02-15 05:36:00,7716324807.111111,
"RNEC-SCDPM-01","Average Memory Used (B)",2022-02-15 11:30:00,7948442282.666667,
"RNEC-SCDPM-01","Average Memory Used (B)",2022-02-15 17:24:00,8206385834.666667,
"RNEC-SCDPM-01","Average Memory Used (B)",2022-02-15 23:18:00,8592933091.555555,
"RNEC-SCDPM-01","Average Memory Used (B)",2022-02-16 05:12:00,8854153329.777779,
"RNEC-SCDPM-01","Average Memory Used (B)",2022-02-16 11:06:00,9109639850.666666,
"RNEC-SCDPM-01","Average Memory Used (B)",2022-02-16 17:00:00,9396817351.11111,
"RNEC-SCDPM-01","Average Memory Used (B)",2022-02-16 22:54:00,9694340573.866667,
"RNEC-SCDPM-01","Average Memory Used (B)",2022-02-17 04:48:00,9986420394.666666,
"RNEC-SCDPM-01","Average Memory Used (B)",2022-02-17 10:42:00,10200679651.555555,
"RNEC-SCDPM-01","Average Memory Used (B)",2022-02-17 16:36:00,10425423303.11111,
"RNEC-SCDPM-01","Average Memory Used (B)",2022-02-17 22:30:00,10695320576,
"RNEC-SCDPM-01","Average Memory Used (B)",2022-02-18 04:24:00,10870277802.666666,
"RNEC-SCDPM-01","Average Memory Used (B)",2022-02-18 10:18:00,11077244245.333334,
"RNEC-SCDPM-01","Average Memory Used (B)",2022-02-18 16:12:00,11303345720.88889,
"RNEC-SCDPM-01","Average Memory Used (B)",2022-02-18 22:06:00,11553789041.777779,
"RNEC-SCDPM-01","Average Memory Used (B)",2022-02-19 04:00:00,11824755143.11111,
"RNEC-SCDPM-01","Average Memory Used (B)",2022-02-19 09:54:00,12029172394.666666,
"RNEC-SCDPM-01","Average Memory Used (B)",2022-02-19 15:48:00,12244652600.88889,
"RNEC-SCDPM-01","Average Memory Used (B)",2022-02-19 21:42:00,12515852060.444445,
"RNEC-SCDPM-01","Average Memory Used (B)",2022-02-20 03:36:00,12816967793.777779,
"RNEC-SCDPM-01","Average Memory Used (B)",2022-02-20 09:30:00,13016488049.777779,
"RNEC-SCDPM-01","Average Memory Used (B)",2022-02-20 15:24:00,13265565696,
"RNEC-SCDPM-01","Average Memory Used (B)",2022-02-20 21:18:00,13544833137.777779,
"RNEC-SCDPM-01","Average Memory Used (B)",2022-02-21 03:12:00,13770879089.777779,
"RNEC-SCDPM-01","Average Memory Used (B)",2022-02-21 09:06:00,13976728689.777779,
"RNEC-SCDPM-01","Average Memory Used (B)",2022-02-21 15:00:00,14199192576,
"RNEC-SCDPM-01","Average Memory Used (B)",2022-02-21 20:54:00,14534780654.933332,
"RNEC-SCDPM-01","Average Memory Used (B)",2022-02-22 02:48:00,14700162730.666666,
"RNEC-SCDPM-01","Average Memory Used (B)",2022-02-22 08:42:00,14866657280,
"RNEC-SCDPM-01","Average Memory Used (B)",2022-02-22 14:36:00,15065736533.333334,
"RNEC-SCDPM-01","Average Memory Used (B)",2022-02-22 20:30:00,15238782407.11111,
"RNEC-SCDPM-01","Average Memory Used (B)",2022-02-23 02:24:00,15465847239.11111,
"RNEC-SCDPM-01","Average Memory Used (B)",2022-02-23 08:18:00,15680363747.555555,
"RNEC-SCDPM-01","Average Memory Used (B)",2022-02-23 14:12:00,15941791744,
"RNEC-SCDPM-01","Average Memory Used (B)",2022-02-23 20:06:00,16177639310.222221,
"RNEC-SCDPM-01","Average Memory Used (B)",2022-02-24 02:00:00,16320068266.666666,
"RNEC-SCDPM-01","Average Memory Used (B)",2022-02-24 07:54:00,16545928669.866667,
"RNEC-SCDPM-01","Average Memory Used (B)",2022-02-24 13:48:00,16776417052.444445,
"RNEC-SCDPM-01","Average Memory Used (B)",2022-02-24 19:42:00,16961654101.333334,
"RNEC-SCDPM-01","Average Memory Used (B)",2022-02-25 01:36:00,16952279267.555555,
"RNEC-SCDPM-01","Average Memory Used (B)",2022-02-25 07:30:00,17135727843.555555,
"RNEC-SCDPM-01","Average Memory Used (B)",2022-02-25 13:24:00,17375195818.666668,
"RNEC-SCDPM-01","Average Memory Used (B)",2022-02-25 19:18:00,17557875598.22222,
"RNEC-SCDPM-01","Average Memory Used (B)",2022-02-26 01:12:00,17645443754.666668,
"RNEC-SCDPM-01","Average Memory Used (B)",2022-02-26 07:06:00,17778892686.22222,
"RNEC-SCDPM-01","Average Memory Used (B)",2022-02-26 13:00:00,18035777080.88889,
"RNEC-SCDPM-01","Average Memory Used (B)",2022-02-26 18:54:00,18234154871.466667,
"RNEC-SCDPM-01","Average Memory Used (B)",2022-02-27 00:48:00,18321535431.11111,
"RNEC-SCDPM-01","Average Memory Used (B)",2022-02-27 06:42:00,18438796970.666668,
"RNEC-SCDPM-01","Average Memory Used (B)",2022-02-27 12:36:00,18587879196.444443,
"RNEC-SCDPM-01","Average Memory Used (B)",2022-02-27 18:30:00,18790931569.77778,
"RNEC-SCDPM-01","Average Memory Used (B)",2022-02-28 00:24:00,18903730517.333332,
"RNEC-SCDPM-01","Average Memory Used (B)",2022-02-28 06:18:00,18985196088.88889,
"RNEC-SCDPM-01","Average Memory Used (B)",2022-02-28 12:12:00,19209156949.333332,
"RNEC-SCDPM-01","Average Memory Used (B)",2022-02-28 18:06:00,19361909760,
"RNEC-SCDPM-01","Average Memory Used (B)",2022-03-01 00:00:00,19468355857.066666,

"Custom Chart"
Entity,Metric,Date/Time,Value,
"RNEC-SCDPM-01","Average Response Time (ms)",2022-01-01 05:54:00,12,
"RNEC-SCDPM-01","Average Response Time (ms)",2022-01-02 05:30:00,12,
"RNEC-SCDPM-01","Average Response Time (ms)",2022-01-03 05:06:00,13,
"RNEC-SCDPM-01","Average Response Time (ms)",2022-01-04 04:42:00,12,
"RNEC-SCDPM-01","Average Response Time (ms)",2022-01-05 04:18:00,12,
"RNEC-SCDPM-01","Average Response Time (ms)",2022-01-06 03:54:00,12,
"RNEC-SCDPM-01","Average Response Time (ms)",2022-01-07 03:30:00,12,
"RNEC-SCDPM-01","Average Response Time (ms)",2022-01-08 03:06:00,12,
"RNEC-SCDPM-01","Average Response Time (ms)",2022-01-09 02:42:00,12,
"RNEC-SCDPM-01","Average Response Time (ms)",2022-01-10 02:18:00,12,
"RNEC-SCDPM-01","Average Response Time (ms)",2022-01-11 01:54:00,13,
"RNEC-SCDPM-01","Average Response Time (ms)",2022-01-12 01:30:00,13,
"RNEC-SCDPM-01","Average Response Time (ms)",2022-01-13 01:06:00,25,
"RNEC-SCDPM-01","Average Response Time (ms)",2022-01-14 00:42:00,12,
"RNEC-SCDPM-01","Average Response Time (ms)",2022-01-15 00:18:00,12,
"RNEC-SCDPM-01","Average Response Time (ms)",2022-01-16 05:48:00,12,
"RNEC-SCDPM-01","Average Response Time (ms)",2022-01-17 05:24:00,13,
"RNEC-SCDPM-01","Average Response Time (ms)",2022-01-18 05:00:00,12,
"RNEC-SCDPM-01","Average Response Time (ms)",2022-01-19 04:36:00,12,
"RNEC-SCDPM-01","Average Response Time (ms)",2022-01-20 04:12:00,13,
"RNEC-SCDPM-01","Average Response Time (ms)",2022-01-21 03:48:00,12,
"RNEC-SCDPM-01","Average Response Time (ms)",2022-01-22 03:24:00,13,
"RNEC-SCDPM-01","Average Response Time (ms)",2022-01-23 03:00:00,12,
"RNEC-SCDPM-01","Average Response Time (ms)",2022-01-24 02:36:00,13,
"RNEC-SCDPM-01","Average Response Time (ms)",2022-01-25 02:12:00,12,
"RNEC-SCDPM-01","Average Response Time (ms)",2022-01-26 01:48:00,13,
"RNEC-SCDPM-01","Average Response Time (ms)",2022-01-27 01:24:00,12,
"RNEC-SCDPM-01","Average Response Time (ms)",2022-01-28 01:00:00,12,
"RNEC-SCDPM-01","Average Response Time (ms)",2022-01-29 00:36:00,12,
"RNEC-SCDPM-01","Average Response Time (ms)",2022-01-30 00:12:00,12,
"RNEC-SCDPM-01","Average Response Time (ms)",2022-01-31 05:42:00,13,
"RNEC-SCDPM-01","Average Response Time (ms)",2022-02-01 05:18:00,12,
"RNEC-SCDPM-01","Average Response Time (ms)",2022-02-02 04:54:00,14,
"RNEC-SCDPM-01","Average Response Time (ms)",2022-02-03 04:30:00,13,
"RNEC-SCDPM-01","Average Response Time (ms)",2022-02-04 04:06:00,12,
"RNEC-SCDPM-01","Average Response Time (ms)",2022-02-05 03:42:00,12,
"RNEC-SCDPM-01","Average Response Time (ms)",2022-02-06 03:18:00,12,
"RNEC-SCDPM-01","Average Response Time (ms)",2022-02-06 09:12:00,12,
"RNEC-SCDPM-01","Average Response Time (ms)",2022-02-06 15:06:00,12,
"RNEC-SCDPM-01","Average Response Time (ms)",2022-02-06 21:00:00,12,
"RNEC-SCDPM-01","Average Response Time (ms)",2022-02-07 02:54:00,12,
"RNEC-SCDPM-01","Average Response Time (ms)",2022-02-07 08:48:00,12.833333333333334,
"RNEC-SCDPM-01","Average Response Time (ms)",2022-02-07 14:42:00,14.166666666666666,
"RNEC-SCDPM-01","Average Response Time (ms)",2022-02-07 20:36:00,13.833333333333334,
"RNEC-SCDPM-01","Average Response Time (ms)",2022-02-08 02:30:00,12.666666666666666,
"RNEC-SCDPM-01","Average Response Time (ms)",2022-02-08 08:24:00,12,
"RNEC-SCDPM-01","Average Response Time (ms)",2022-02-08 14:18:00,13.833333333333334,
"RNEC-SCDPM-01","Average Response Time (ms)",2022-02-08 20:12:00,27.166666666666668,
"RNEC-SCDPM-01","Average Response Time (ms)",2022-02-09 02:06:00,12.166666666666666,
"RNEC-SCDPM-01","Average Response Time (ms)",2022-02-09 08:00:00,12.666666666666666,
"RNEC-SCDPM-01","Average Response Time (ms)",2022-02-09 13:54:00,12.4,
"RNEC-SCDPM-01","Average Response Time (ms)",2022-02-09 19:48:00,12.166666666666666,
"RNEC-SCDPM-01","Average Response Time (ms)",2022-02-10 01:42:00,12.166666666666666,
"RNEC-SCDPM-01","Average Response Time (ms)",2022-02-10 07:36:00,12,
"RNEC-SCDPM-01","Average Response Time (ms)",2022-02-10 13:30:00,14.333333333333334,
"RNEC-SCDPM-01","Average Response Time (ms)",2022-02-10 19:24:00,12.166666666666666,
"RNEC-SCDPM-01","Average Response Time (ms)",2022-02-11 01:18:00,12.166666666666666,
"RNEC-SCDPM-01","Average Response Time (ms)",2022-02-11 07:12:00,12,
"RNEC-SCDPM-01","Average Response Time (ms)",2022-02-11 13:06:00,15.143646408839778,
"RNEC-SCDPM-01","Average Response Time (ms)",2022-02-11 19:00:00,13.5,
"RNEC-SCDPM-01","Average Response Time (ms)",2022-02-12 00:54:00,12.2,
"RNEC-SCDPM-01","Average Response Time (ms)",2022-02-12 06:48:00,12.833333333333334,
"RNEC-SCDPM-01","Average Response Time (ms)",2022-02-12 12:42:00,13,
"RNEC-SCDPM-01","Average Response Time (ms)",2022-02-12 18:36:00,12.166666666666666,
"RNEC-SCDPM-01","Average Response Time (ms)",2022-02-13 00:30:00,12.333333333333334,
"RNEC-SCDPM-01","Average Response Time (ms)",2022-02-13 06:24:00,12,
"RNEC-SCDPM-01","Average Response Time (ms)",2022-02-13 12:18:00,12.166666666666666,
"RNEC-SCDPM-01","Average Response Time (ms)",2022-02-13 18:12:00,12.166666666666666,
"RNEC-SCDPM-01","Average Response Time (ms)",2022-02-14 00:06:00,12.5,
"RNEC-SCDPM-01","Average Response Time (ms)",2022-02-14 06:00:00,12.166666666666666,
"RNEC-SCDPM-01","Average Response Time (ms)",2022-02-14 11:54:00,38.61744966442953,
"RNEC-SCDPM-01","Average Response Time (ms)",2022-02-14 17:48:00,14.833333333333334,
"RNEC-SCDPM-01","Average Response Time (ms)",2022-02-14 23:42:00,13.833333333333334,
"RNEC-SCDPM-01","Average Response Time (ms)",2022-02-15 05:36:00,12,
"RNEC-SCDPM-01","Average Response Time (ms)",2022-02-15 11:30:00,31.833333333333332,
"RNEC-SCDPM-01","Average Response Time (ms)",2022-02-15 17:24:00,18.833333333333332,
"RNEC-SCDPM-01","Average Response Time (ms)",2022-02-15 23:18:00,12.5,
"RNEC-SCDPM-01","Average Response Time (ms)",2022-02-16 05:12:00,12.333333333333334,
"RNEC-SCDPM-01","Average Response Time (ms)",2022-02-16 11:06:00,13.333333333333334,
"RNEC-SCDPM-01","Average Response Time (ms)",2022-02-16 17:00:00,14,
"RNEC-SCDPM-01","Average Response Time (ms)",2022-02-16 22:54:00,10.4,
"RNEC-SCDPM-01","Average Response Time (ms)",2022-02-17 04:48:00,9,
"RNEC-SCDPM-01","Average Response Time (ms)",2022-02-17 10:42:00,11.666666666666666,
"RNEC-SCDPM-01","Average Response Time (ms)",2022-02-17 16:36:00,9.833333333333334,
"RNEC-SCDPM-01","Average Response Time (ms)",2022-02-17 22:30:00,10.833333333333334,
"RNEC-SCDPM-01","Average Response Time (ms)",2022-02-18 04:24:00,12.166666666666666,
"RNEC-SCDPM-01","Average Response Time (ms)",2022-02-18 10:18:00,16.5,
"RNEC-SCDPM-01","Average Response Time (ms)",2022-02-18 16:12:00,12.828729281767956,
"RNEC-SCDPM-01","Average Response Time (ms)",2022-02-18 22:06:00,12.333333333333334,
"RNEC-SCDPM-01","Average Response Time (ms)",2022-02-19 04:00:00,12.333333333333334,
"RNEC-SCDPM-01","Average Response Time (ms)",2022-02-19 09:54:00,13,
"RNEC-SCDPM-01","Average Response Time (ms)",2022-02-19 15:48:00,13.166666666666666,
"RNEC-SCDPM-01","Average Response Time (ms)",2022-02-19 21:42:00,12.833333333333334,
"RNEC-SCDPM-01","Average Response Time (ms)",2022-02-20 03:36:00,12.5,
"RNEC-SCDPM-01","Average Response Time (ms)",2022-02-20 09:30:00,12,
"RNEC-SCDPM-01","Average Response Time (ms)",2022-02-20 15:24:00,12,
"RNEC-SCDPM-01","Average Response Time (ms)",2022-02-20 21:18:00,12.333333333333334,
"RNEC-SCDPM-01","Average Response Time (ms)",2022-02-21 03:12:00,12.166666666666666,
"RNEC-SCDPM-01","Average Response Time (ms)",2022-02-21 09:06:00,13,
"RNEC-SCDPM-01","Average Response Time (ms)",2022-02-21 15:00:00,18.166666666666668,
"RNEC-SCDPM-01","Average Response Time (ms)",2022-02-21 20:54:00,14.2,
"RNEC-SCDPM-01","Average Response Time (ms)",2022-02-22 02:48:00,13,
"RNEC-SCDPM-01","Average Response Time (ms)",2022-02-22 08:42:00,12,
"RNEC-SCDPM-01","Average Response Time (ms)",2022-02-22 14:36:00,13.166666666666666,
"RNEC-SCDPM-01","Average Response Time (ms)",2022-02-22 20:30:00,13.166666666666666,
"RNEC-SCDPM-01","Average Response Time (ms)",2022-02-23 02:24:00,12.333333333333334,
"RNEC-SCDPM-01","Average Response Time (ms)",2022-02-23 08:18:00,12.166666666666666,
"RNEC-SCDPM-01","Average Response Time (ms)",2022-02-23 14:12:00,13,
"RNEC-SCDPM-01","Average Response Time (ms)",2022-02-23 20:06:00,12.5,
"RNEC-SCDPM-01","Average Response Time (ms)",2022-02-24 02:00:00,12.166666666666666,
"RNEC-SCDPM-01","Average Response Time (ms)",2022-02-24 07:54:00,12,
"RNEC-SCDPM-01","Average Response Time (ms)",2022-02-24 13:48:00,14.513966480446927,
"RNEC-SCDPM-01","Average Response Time (ms)",2022-02-24 19:42:00,12.666666666666666,
"RNEC-SCDPM-01","Average Response Time (ms)",2022-02-25 01:36:00,12.5,
"RNEC-SCDPM-01","Average Response Time (ms)",2022-02-25 07:30:00,12.333333333333334,
"RNEC-SCDPM-01","Average Response Time (ms)",2022-02-25 13:24:00,12.166666666666666,
"RNEC-SCDPM-01","Average Response Time (ms)",2022-02-25 19:18:00,12.333333333333334,
"RNEC-SCDPM-01","Average Response Time (ms)",2022-02-26 01:12:00,12.333333333333334,
"RNEC-SCDPM-01","Average Response Time (ms)",2022-02-26 07:06:00,13,
"RNEC-SCDPM-01","Average Response Time (ms)",2022-02-26 13:00:00,12.833333333333334,
"RNEC-SCDPM-01","Average Response Time (ms)",2022-02-26 18:54:00,13,
"RNEC-SCDPM-01","Average Response Time (ms)",2022-02-27 00:48:00,12.833333333333334,
"RNEC-SCDPM-01","Average Response Time (ms)",2022-02-27 06:42:00,12,
"RNEC-SCDPM-01","Average Response Time (ms)",2022-02-27 12:36:00,12,
"RNEC-SCDPM-01","Average Response Time (ms)",2022-02-27 18:30:00,12,
"RNEC-SCDPM-01","Average Response Time (ms)",2022-02-28 00:24:00,12.166666666666666,
"RNEC-SCDPM-01","Average Response Time (ms)",2022-02-28 06:18:00,12.166666666666666,
"RNEC-SCDPM-01","Average Response Time (ms)",2022-02-28 12:12:00,13.666666666666666,
"RNEC-SCDPM-01","Average Response Time (ms)",2022-02-28 18:06:00,13.166666666666666,
"RNEC-SCDPM-01","Average Response Time (ms)",2022-03-01 00:00:00,12.201342281879194,

